Document_No,Company_Code,Account,Amount,Doc_Type,Posting_Key,User_ID
100000,3000,500000,38210570.964833185,SA,31,U001
100001,1000,400000,3910096.3841363927,KR,31,U002
100002,3000,500000,3810431.9351709876,SA,50,U002
100003,3000,400000,3472792.3971536243,KR,40,U001
100004,1000,500000,5506366.266087991,SA,40,U001
100005,1000,500000,7046184.735415195,KR,31,U003
100006,3000,400000,5348190.509748105,SA,50,U002
100007,2000,500000,6337637.505603473,KR,40,U003
100008,3000,400001,5906858.632631216,KR,40,U002
100009,3000,400000,36682649.53680585,SA,31,U001
100010,3000,400001,6012252.784792501,SA,31,U003
100011,3000,400000,4617140.246789988,KR,40,U002
100012,1000,500000,4633033.704369313,SA,31,U002
100013,3000,500000,4833126.139250952,KR,40,U001
100014,2000,500000,4871041.582138296,KR,50,U001
100015,1000,400000,5529095.570548918,KR,31,U002
100016,2000,400001,4463290.611287355,SA,31,U001
100017,2000,400001,5711282.2228663815,KR,50,U001
100018,2000,400000,5699795.2664251765,KR,40,U003
100019,2000,400000,5274370.825955588,KR,40,U002
100020,1000,400001,6551689.526885956,KR,31,U003
100021,1000,400001,6029914.118926647,SA,40,U001
100022,2000,400001,5855783.432160372,SA,40,U002
100023,2000,400001,5052922.699634601,KR,50,U001
100024,1000,400000,5281412.910251461,SA,50,U001
100025,1000,400000,5419045.890470203,SA,50,U002
100026,1000,500000,5010593.098822084,KR,31,U001
100027,3000,400001,4699544.431753223,SA,50,U003
100028,3000,500000,3075429.805698951,SA,50,U002
100029,3000,400000,5574212.327299858,SA,40,U001
100030,2000,400000,5833157.773506683,SA,50,U001
100031,3000,500000,4071104.915074531,SA,31,U001
100032,2000,400001,5484134.919776393,SA,50,U002
100033,2000,400001,4526778.65734598,KR,31,U003
100034,3000,400001,4706776.654074341,SA,40,U001
100035,2000,400001,6048608.4218906835,KR,40,U001
100036,3000,500000,4207492.487828789,KR,50,U001
100037,3000,500000,4206281.769045424,KR,40,U002
100038,1000,400000,6443867.492515199,SA,50,U001
100039,3000,400001,4883554.641170893,SA,40,U001
100040,1000,400001,47977891.79667883,KR,31,U001
100041,3000,400001,3721037.7105368525,KR,40,U002
100042,3000,500000,3785117.3843273176,KR,50,U003
100043,1000,400001,4269644.387537263,SA,50,U002
100044,1000,500000,4614831.3787738485,SA,50,U003
100045,3000,400001,3877370.72267751,SA,31,U003
100046,2000,400001,5295437.181144,KR,40,U002
100047,1000,400000,5347675.334925425,SA,50,U001
100048,2000,400001,4281485.69772917,SA,31,U003
100049,2000,400001,4345121.040487358,KR,31,U001
100050,2000,400000,35604598.823350005,SA,31,U003
100051,1000,500000,4068091.360885567,KR,40,U001
100052,2000,500000,2683553.840017666,SA,40,U001
100053,1000,400001,4931967.755084108,KR,40,U002
100054,2000,500000,4655649.845839218,SA,31,U001
100055,3000,400001,4737483.324138741,KR,40,U003
100056,3000,400000,4190557.1831929823,SA,50,U001
100057,1000,400000,5648397.999320214,KR,31,U001
100058,3000,400001,6940313.271533665,KR,40,U001
100059,3000,400000,4332732.115183076,SA,31,U003
100060,2000,400000,6119756.911177878,SA,31,U003
100061,1000,400001,5293319.849717835,KR,40,U003
100062,2000,400001,5028335.913425948,SA,31,U001
100063,2000,400000,4724701.810749735,KR,40,U002
100064,2000,500000,39467412.03050245,KR,40,U003
100065,2000,500000,5919672.551758901,SA,40,U001
100066,2000,400001,4089535.2312347903,SA,31,U003
100067,2000,400001,4779994.615078839,SA,31,U002
100068,2000,500000,5999200.166258003,KR,40,U001
100069,1000,400000,5786971.754822398,KR,31,U003
100070,3000,500000,32815449.990718443,SA,40,U003
100071,2000,500000,4853926.4977751635,KR,50,U002
100072,2000,500000,5582406.2782672215,KR,31,U003
100073,2000,500000,5530742.495456877,SA,31,U001
100074,2000,400001,5780107.616994631,KR,50,U001
100075,2000,400001,5307428.710533838,KR,50,U002
100076,2000,400000,5441562.518396627,KR,50,U002
100077,3000,400000,5274237.137541727,SA,40,U002
100078,3000,400000,6263786.462022312,SA,40,U001
100079,2000,400000,4662551.056455025,KR,50,U002
100080,3000,500000,5038552.930356174,SA,40,U003
100081,1000,400001,4188024.9341458324,KR,31,U003
100082,2000,400001,4030382.58655647,SA,50,U001
100083,1000,400000,5259965.360846705,KR,31,U003
100084,1000,400000,4420650.987246518,KR,40,U002
100085,2000,500000,4953851.517682116,KR,50,U003
100086,3000,500000,6294199.448419367,KR,40,U002
100087,1000,400000,6247950.161898256,SA,31,U003
100088,2000,400001,6779235.822950641,KR,40,U001
100089,1000,400001,6310122.006719297,KR,31,U002
100090,1000,400001,6922414.553428392,SA,40,U003
100091,1000,400000,5349223.734250049,SA,31,U001
100092,1000,400001,4277583.533884333,KR,40,U003
100093,3000,500000,4199685.944411616,KR,50,U001
100094,1000,500000,6117064.4859532155,SA,50,U003
100095,1000,400000,5041301.202248336,KR,40,U002
100096,1000,500000,40807241.7014145,KR,31,U002
100097,3000,400000,4560743.129636949,KR,40,U002
100098,1000,400001,4656660.848280574,KR,50,U002
100099,1000,400001,5307007.43182154,KR,31,U002
100100,3000,400001,4155821.2079007705,KR,40,U003
100101,3000,500000,5205710.7726464765,KR,40,U003
100102,3000,400000,6208864.156108104,KR,31,U003
100103,1000,400001,26344730.613383546,KR,40,U003
100104,3000,400000,3766950.497538309,SA,50,U002
100105,3000,400001,5540487.969202447,SA,50,U001
100106,1000,500000,6091174.298928691,SA,31,U002
100107,3000,500000,4608085.815888255,KR,40,U003
100108,1000,400000,3401407.507964369,KR,40,U002
100109,2000,500000,6145539.339152602,KR,50,U002
100110,3000,500000,4351147.87846838,SA,31,U002
100111,2000,400000,4711002.92565791,SA,31,U001
100112,1000,400001,5255235.897855821,KR,31,U002
100113,3000,500000,4466853.302471394,SA,50,U002
100114,1000,400000,4299096.218274244,SA,50,U001
100115,2000,500000,4313759.845948729,KR,31,U002
100116,1000,500000,6486342.848742146,KR,31,U002
100117,3000,500000,5927690.870740225,SA,40,U002
100118,3000,500000,5459613.872493746,KR,40,U002
100119,2000,400000,3250853.419412347,SA,31,U002
100120,1000,400000,5462553.51604447,SA,50,U003
100121,3000,400000,5419360.1667275755,SA,50,U002
100122,2000,500000,3977493.4878518675,KR,40,U001
100123,3000,500000,5206968.106779066,SA,31,U002
100124,3000,500000,5841193.997006951,SA,50,U003
100125,1000,400000,5455492.734875019,KR,50,U001
100126,3000,500000,4455864.47863982,KR,50,U001
100127,1000,400001,5010611.714467179,SA,50,U002
100128,3000,500000,5584285.544960959,KR,40,U003
100129,2000,400001,5047561.627374119,KR,50,U002
100130,3000,500000,6003427.911285516,SA,50,U003
100131,1000,400000,5316545.245472087,KR,31,U003
100132,1000,500000,5602338.132230265,SA,31,U002
100133,2000,400001,5657120.517593408,KR,40,U003
100134,3000,400001,4146653.8373553096,KR,40,U002
100135,3000,500000,5039988.828285343,SA,40,U003
100136,2000,400001,4734116.4211848285,SA,40,U001
100137,3000,400001,5835076.795845663,KR,50,U002
100138,3000,400000,42964691.498905756,KR,31,U003
100139,1000,500000,4849430.030315528,KR,50,U001
100140,3000,500000,3974518.8772458695,SA,50,U001
100141,3000,500000,3722473.334303567,KR,50,U001
100142,2000,400001,5248274.095955963,SA,31,U001
100143,2000,500000,4426229.858213232,KR,40,U002
100144,1000,500000,44263209.39582229,KR,40,U003
100145,3000,400000,3685487.787939019,KR,31,U001
100146,3000,400000,6274360.958567113,KR,31,U003
100147,3000,400000,5531091.27194534,KR,40,U003
100148,1000,400001,5079348.071982182,SA,50,U003
100149,1000,500000,6346447.149122186,SA,40,U002
100150,2000,400000,5758734.347376909,SA,31,U002
100151,1000,400000,4619997.4091063645,KR,40,U001
100152,3000,400000,5062061.047822664,SA,40,U003
100153,3000,500000,3428580.5601482037,SA,40,U002
100154,1000,500000,5851352.248439081,KR,31,U002
100155,3000,500000,4763238.657606622,KR,31,U002
100156,3000,400001,3418220.123808814,SA,40,U001
100157,1000,400001,4054529.1444728067,SA,40,U002
100158,1000,400000,5696729.638759527,SA,50,U003
100159,3000,500000,6291042.1720289225,SA,50,U002
100160,3000,400000,5016340.41513447,SA,40,U002
100161,3000,500000,33714871.41124548,SA,31,U001
100162,2000,500000,3863400.2482567187,SA,50,U003
100163,2000,500000,6131691.694512887,KR,40,U002
100164,2000,400001,5359574.222757782,SA,50,U003
100165,1000,400001,4735888.303484203,KR,50,U003
100166,2000,500000,4545382.5711395675,KR,50,U002
100167,1000,400000,5537463.710186902,KR,31,U001
100168,1000,500000,5515454.795257088,SA,40,U003
100169,2000,500000,34261859.753881946,SA,31,U002
100170,2000,400000,32688816.05823397,KR,31,U003
100171,2000,500000,4126477.8434292045,SA,50,U003
100172,3000,400000,4625420.335620515,SA,40,U003
100173,2000,400001,4448171.637133795,KR,50,U002
100174,3000,400001,6294473.614535652,SA,31,U003
100175,1000,400000,4596975.502192449,KR,31,U003
100176,3000,400001,4000266.8416402163,KR,40,U001
100177,2000,400001,32361616.378243025,KR,31,U002
100178,1000,400000,4852822.719166724,KR,31,U002
100179,1000,400001,3542300.7016169275,SA,40,U003
100180,1000,500000,4951903.428910083,KR,50,U001
100181,3000,500000,3931032.3996147485,SA,40,U003
100182,2000,400000,5926888.29339336,SA,31,U003
100183,1000,400001,5093249.879393556,SA,40,U002
100184,1000,500000,6696818.881225955,SA,50,U001
100185,1000,500000,4817439.536398232,KR,31,U003
100186,3000,400001,2494604.9328237968,KR,50,U002
100187,3000,400001,6166144.960284963,KR,50,U003
100188,2000,500000,5401538.526781655,KR,40,U003
100189,3000,500000,5525526.303168539,KR,50,U001
100190,1000,400000,4197933.128204761,SA,40,U001
100191,2000,400000,4965721.555523689,KR,40,U001
100192,1000,500000,5149168.700108528,SA,50,U003
100193,1000,400000,4809743.505915121,SA,40,U001
100194,3000,500000,3612509.7397972206,KR,40,U002
100195,2000,500000,7214953.638607243,SA,50,U003
100196,3000,400000,5668663.3902625805,SA,31,U001
100197,3000,400000,5336467.237616316,KR,40,U003
100198,2000,400001,6051108.496811183,KR,40,U003
100199,1000,400001,5515353.768831073,KR,50,U002
100200,1000,400001,4458237.695936239,SA,40,U002
100201,2000,500000,5999826.206254153,KR,50,U002
100202,1000,400000,5681772.805262412,KR,31,U003
100203,2000,500000,4488571.346148754,SA,31,U003
100204,2000,400000,5632011.734628036,KR,50,U002
100205,3000,500000,4807543.974259135,SA,31,U003
100206,2000,400001,5166782.55983889,SA,50,U002
100207,3000,400001,5479720.373530581,KR,40,U002
100208,1000,400001,6094798.161043968,SA,31,U001
100209,1000,500000,4483203.211898357,SA,40,U002
100210,1000,400000,5291969.744521811,KR,40,U001
100211,1000,400000,6612580.980984956,KR,50,U002
100212,3000,400001,4859162.003178439,KR,31,U003
100213,1000,400001,5157245.422159666,SA,31,U001
100214,2000,400001,6611384.37958239,SA,40,U003
100215,2000,400001,5509981.977559283,KR,40,U003
100216,2000,400000,3820815.7766711074,KR,50,U002
100217,3000,500000,4363617.878276508,KR,31,U002
100218,1000,500000,5551663.371492354,SA,50,U003
100219,1000,500000,5338403.9263123805,KR,50,U002
100220,1000,500000,5130063.893391056,SA,50,U002
100221,3000,400001,6728979.346533172,KR,31,U002
100222,2000,400001,4506010.275073284,SA,50,U003
100223,2000,400001,4940468.941254371,SA,31,U001
100224,1000,500000,3429511.8324494115,KR,50,U001
100225,2000,400001,5928527.911040777,SA,40,U003
100226,2000,400001,4360918.159149936,SA,50,U002
100227,3000,400000,5845709.415040744,KR,50,U002
100228,3000,400000,5761624.105149841,KR,31,U001
100229,3000,400001,6879279.407030223,SA,40,U003
100230,3000,400000,5519420.4612249695,SA,40,U003
100231,1000,400000,4715130.700543913,SA,31,U002
100232,3000,400001,5362898.367997673,KR,31,U002
100233,2000,400001,4392597.72173713,SA,40,U002
100234,1000,400001,5255328.142007127,SA,31,U003
100235,2000,400001,4839277.995566102,KR,40,U001
100236,2000,500000,4943729.240262503,KR,50,U003
100237,2000,500000,4281306.809657949,KR,50,U003
100238,3000,400001,5240356.847810221,KR,40,U003
100239,3000,400000,5659384.020548855,KR,40,U001
100240,1000,400001,3678322.5642626183,SA,50,U002
100241,1000,400001,4449125.877387891,SA,50,U002
100242,3000,400000,5134437.735344216,SA,40,U003
100243,2000,500000,3122146.6870292686,KR,31,U003
100244,1000,400001,6392211.546970335,KR,31,U001
100245,3000,400001,4431111.348357556,KR,40,U001
100246,3000,500000,4249529.984993258,SA,31,U002
100247,3000,500000,4834126.178994569,KR,50,U003
100248,2000,400000,5109898.271038579,KR,50,U001
100249,3000,500000,4394821.68163813,KR,31,U001
100250,3000,500000,5784330.932791142,SA,40,U003
100251,3000,500000,5319765.231552979,KR,50,U003
100252,3000,400000,4330206.485115715,KR,50,U003
100253,1000,500000,4582075.906462103,SA,50,U003
100254,1000,500000,3786584.2428877447,KR,31,U003
100255,3000,400000,3997327.2835721313,KR,40,U003
100256,2000,500000,5310078.662569889,KR,31,U001
100257,1000,500000,4338508.3551441375,SA,40,U003
100258,3000,400000,6443427.562439274,KR,40,U002
100259,1000,400001,5056738.560247314,KR,31,U003
100260,1000,400000,3917741.259916804,SA,50,U002
100261,2000,500000,4085322.17114595,SA,40,U002
100262,3000,500000,5842375.755745143,KR,31,U002
100263,3000,500000,4938789.11791274,SA,50,U003
100264,2000,400000,5793595.861246109,KR,40,U003
100265,2000,500000,4706809.615937548,SA,40,U002
100266,3000,500000,4551814.3259971915,KR,50,U003
100267,3000,400000,5895557.896827508,KR,40,U001
100268,2000,400001,4313138.098377125,KR,31,U001
100269,1000,400001,5391243.306696289,SA,40,U001
100270,1000,500000,4830573.111678906,SA,40,U001
100271,2000,400000,5702978.7307006195,KR,50,U003
100272,1000,500000,6454787.1900286395,KR,31,U002
100273,2000,400000,37490062.82751354,KR,50,U003
100274,1000,400000,4562286.288962835,KR,31,U001
100275,1000,400001,5532646.711229884,SA,50,U003
100276,3000,400001,4134397.1238375455,SA,40,U003
100277,3000,400000,6293172.366280029,KR,31,U001
100278,1000,500000,6156818.0400451785,SA,31,U002
100279,1000,400001,4200704.288671656,SA,40,U003
100280,3000,500000,3733500.1444744747,SA,50,U003
100281,3000,400001,32572306.221720204,KR,31,U001
100282,3000,400001,4083704.288032706,KR,40,U002
100283,2000,500000,5641408.451483982,SA,40,U001
100284,1000,400001,6239336.252623523,SA,31,U001
100285,3000,400001,5632100.970095059,KR,31,U003
100286,1000,500000,4811046.2267068345,KR,31,U002
100287,2000,400001,5273998.773528331,KR,40,U001
100288,2000,400001,4304177.573755972,SA,50,U003
100289,3000,400001,5877766.436451386,SA,50,U001
100290,2000,500000,5345623.151986026,SA,31,U003
100291,1000,400000,5618558.22561317,KR,40,U002
100292,3000,500000,4417971.43851218,KR,40,U001
100293,1000,400000,4865122.250505083,KR,31,U002
100294,1000,400001,5580058.511984962,KR,40,U002
100295,2000,400000,6154810.319618892,KR,40,U003
100296,2000,500000,4513520.192441132,SA,40,U001
100297,2000,500000,5624361.525736656,SA,31,U001
100298,2000,400001,4430342.5627117725,SA,31,U003
100299,2000,400000,6693755.018261287,KR,31,U003
100300,3000,400001,4668140.233381976,SA,50,U002
100301,1000,400001,5514804.139241689,KR,50,U001
100302,1000,500000,5132487.692186906,SA,31,U001
100303,1000,400000,7084242.497088395,SA,40,U003
100304,1000,400000,41471370.291357204,KR,40,U003
100305,2000,400000,4587955.181607897,SA,31,U003
100306,1000,400000,5511605.21009045,SA,40,U001
100307,3000,400001,5493792.693420298,SA,40,U001
100308,3000,400001,4874024.108992847,SA,50,U002
100309,1000,500000,4124187.308617513,SA,40,U003
100310,1000,400001,4577600.9108877145,SA,40,U002
100311,3000,400001,5705199.158515936,SA,31,U001
100312,3000,500000,3602040.84301283,KR,50,U002
100313,2000,500000,4801563.280491429,SA,50,U002
100314,3000,500000,5795891.137453427,KR,40,U002
100315,2000,400001,4925203.024799962,SA,31,U003
100316,2000,400001,6738968.111642195,KR,50,U001
100317,2000,500000,3604279.8077610782,KR,50,U003
100318,2000,500000,4230905.704864453,SA,40,U002
100319,2000,500000,3148292.9581977697,KR,50,U003
100320,1000,400001,52759619.627169915,KR,31,U001
100321,3000,400001,4244010.279398696,SA,31,U001
100322,2000,400000,3410462.950617334,KR,50,U002
100323,3000,400001,4510464.548459653,SA,31,U002
100324,3000,400001,3885752.713449224,KR,31,U003
100325,2000,400001,4516172.087755678,KR,40,U001
100326,1000,500000,5032983.400755923,KR,50,U001
100327,2000,400001,5643936.88323768,KR,50,U003
100328,1000,500000,4860264.84791125,SA,40,U001
100329,3000,400000,5020232.559467741,SA,40,U002
100330,1000,400000,4534723.821543896,SA,40,U002
100331,1000,500000,3790641.418200273,SA,40,U003
100332,1000,500000,3522767.805627279,SA,31,U003
100333,3000,500000,4708411.375730911,KR,31,U003
100334,3000,400001,5067711.822834571,SA,40,U002
100335,1000,400000,4649108.383018999,KR,50,U003
100336,1000,500000,3552538.4057109263,SA,50,U001
100337,2000,400001,5161120.074614538,SA,50,U003
100338,1000,400000,6303443.906323452,SA,40,U001
100339,2000,400001,4908282.789191082,SA,31,U002
100340,1000,400000,4536375.537939134,KR,31,U001
100341,2000,400001,4951604.767805184,SA,31,U001
100342,3000,400000,4116496.1243495047,KR,31,U001
100343,1000,400000,4064880.696563081,KR,50,U002
100344,1000,400001,5361131.270475709,SA,50,U001
100345,1000,500000,5792257.2232258655,KR,31,U001
100346,1000,400000,4882321.318244464,KR,40,U003
100347,2000,500000,3420987.961907387,SA,31,U003
100348,1000,400001,5282679.1412286,KR,31,U003
100349,3000,500000,6653905.736269958,SA,40,U001
100350,3000,500000,4804881.469241372,SA,31,U001
100351,1000,500000,4857723.379677262,KR,50,U002
100352,3000,500000,4301893.17590885,KR,40,U001
100353,1000,500000,5385083.198314728,KR,40,U001
100354,1000,400000,4463213.22840431,KR,31,U002
100355,3000,400000,5817201.518134875,KR,50,U001
100356,1000,400000,4473935.562811876,KR,50,U002
100357,3000,400001,5273433.174495171,KR,50,U002
100358,2000,500000,4962924.603152351,SA,31,U003
100359,1000,400000,6244089.295447441,SA,31,U001
100360,2000,400001,5327583.508958438,SA,50,U003
100361,3000,400000,6109605.855299937,KR,31,U001
100362,2000,400000,5086898.800621733,KR,50,U003
100363,2000,500000,4863407.759588575,KR,31,U002
100364,3000,400001,4969447.38437182,SA,40,U002
100365,2000,500000,4382872.638898246,SA,40,U002
100366,2000,500000,5425335.026963098,SA,31,U002
100367,3000,400000,4447713.32735721,KR,31,U001
100368,2000,500000,5089970.43321428,SA,50,U001
100369,3000,400001,5684161.573171129,SA,40,U003
100370,2000,500000,6266839.127821551,KR,50,U001
100371,3000,500000,5130288.067091992,SA,31,U001
100372,3000,500000,5688965.644852826,SA,50,U003
100373,2000,400000,5593510.200304652,SA,50,U002
100374,2000,400001,4694098.32734322,KR,31,U003
100375,2000,400000,6686242.763539342,SA,40,U003
100376,1000,400000,4539006.237696845,KR,50,U002
100377,1000,400000,5072795.700919652,KR,31,U003
100378,1000,400000,6163295.802718742,SA,50,U003
100379,3000,400000,6143566.594239059,SA,31,U003
100380,2000,400001,5011456.318428529,KR,31,U001
100381,3000,500000,5792333.398272502,KR,31,U002
100382,1000,400000,4820822.130845156,KR,40,U002
100383,2000,400000,4609056.887760754,KR,40,U003
100384,3000,400001,4029768.741505248,KR,31,U001
100385,2000,400001,5579105.092383424,SA,40,U002
100386,3000,500000,5663376.745014764,KR,50,U002
100387,2000,400001,4545688.563555471,SA,40,U003
100388,1000,500000,5214480.027188187,KR,40,U003
100389,1000,400000,7120790.742297547,SA,50,U003
100390,2000,400000,5917345.840093891,KR,50,U002
100391,3000,500000,4278812.845936911,SA,50,U003
100392,1000,400001,5801249.823810711,SA,31,U003
100393,1000,500000,4282510.574999455,KR,50,U003
100394,1000,400001,2683825.3505162518,KR,50,U001
100395,2000,400000,4983670.285387097,SA,50,U003
100396,2000,400001,6250561.167674388,SA,31,U002
100397,3000,500000,6117958.368349553,SA,40,U003
100398,3000,500000,5301788.135274123,KR,31,U002
100399,3000,400000,4566616.469400085,KR,40,U001
100400,2000,400001,5389159.747130117,KR,50,U001
100401,2000,400001,4784671.863751272,KR,31,U003
100402,3000,400001,4589075.446424551,SA,31,U002
100403,3000,400000,5849601.761844457,KR,40,U003
100404,2000,400001,4579171.376231526,KR,31,U003
100405,3000,500000,5901789.245180861,KR,31,U002
100406,1000,400001,4526251.23042895,KR,40,U002
100407,2000,400000,6646793.563858312,KR,31,U002
100408,3000,400001,3687492.447771905,SA,31,U002
100409,2000,400001,4234584.534636346,KR,50,U002
100410,1000,500000,4875705.812647742,SA,50,U001
100411,2000,400001,3412764.8774495497,KR,50,U001
100412,2000,500000,2943211.0857958673,KR,50,U001
100413,2000,500000,3419673.906471513,KR,50,U002
100414,2000,400000,4766328.631751194,KR,31,U002
100415,1000,500000,4786631.99209271,SA,31,U002
100416,2000,500000,5266399.584986293,SA,50,U003
100417,2000,400000,38739190.51663141,KR,40,U001
100418,3000,500000,5239613.171608679,SA,50,U001
100419,2000,400000,4639826.868449278,SA,31,U003
100420,3000,400001,5571852.605977345,KR,40,U003
100421,1000,400000,5475448.002538818,SA,50,U001
100422,1000,500000,4738645.904113985,SA,40,U002
100423,1000,400000,5426409.147737913,KR,50,U001
100424,1000,500000,4847483.251241065,KR,31,U002
100425,3000,400001,3782139.267685516,SA,50,U001
100426,2000,400000,5723597.313106097,KR,40,U001
100427,1000,400001,4274547.162721257,KR,31,U003
100428,2000,500000,5715059.164113414,KR,50,U003
100429,3000,500000,5259221.417693619,SA,50,U002
100430,3000,400001,4932382.152786301,KR,50,U002
100431,3000,400000,3498405.283639131,KR,50,U001
100432,1000,400000,6231796.445931555,SA,31,U003
100433,2000,500000,37676071.28733383,SA,31,U002
100434,2000,400001,5507650.869724466,SA,50,U002
100435,2000,400001,4908820.701303375,SA,31,U002
100436,3000,400000,4782851.73155009,SA,40,U001
100437,1000,400000,5154246.270717591,KR,31,U002
100438,3000,400000,5021257.826753478,SA,40,U002
100439,3000,400001,4786405.7678593695,KR,40,U003
100440,2000,400000,4955748.353110278,SA,31,U003
100441,3000,400000,5341651.725017368,KR,50,U003
100442,2000,500000,5398255.341406636,KR,31,U001
100443,1000,400000,5034685.770195143,SA,40,U003
100444,2000,400000,5496749.591851551,SA,40,U003
100445,1000,400001,4660744.156445531,SA,31,U003
100446,2000,400001,6779909.104797164,SA,40,U003
100447,3000,500000,6188470.886406224,SA,31,U002
100448,3000,400000,5609954.3958652895,SA,31,U001
100449,1000,500000,3446735.60493036,KR,50,U002
100450,1000,400001,5484815.3110839855,KR,40,U002
100451,1000,500000,4730690.333710357,KR,31,U001
100452,2000,400001,4217055.414872518,KR,40,U002
100453,2000,500000,4710323.1597561445,KR,31,U003
100454,1000,500000,4305732.212856464,SA,31,U001
100455,3000,400000,5405442.475007605,SA,50,U002
100456,2000,500000,6292795.250050582,KR,31,U002
100457,2000,400000,5660823.033365426,KR,50,U003
100458,2000,400000,7210020.192631668,SA,40,U002
100459,1000,400000,3757110.0563396765,SA,50,U002
100460,1000,400000,4595172.236424714,SA,50,U002
100461,1000,500000,4245579.846126151,SA,40,U001
100462,1000,400001,5983494.651487887,KR,50,U001
100463,1000,400001,4823559.71441717,KR,50,U002
100464,3000,400001,5151612.957181803,SA,31,U002
100465,3000,500000,5506948.425578447,SA,50,U003
100466,1000,400000,3836168.919570606,KR,31,U001
100467,2000,400001,4502920.829436002,KR,50,U001
100468,1000,500000,5797812.762958331,KR,40,U001
100469,3000,400000,4561529.679593665,SA,40,U002
100470,3000,400001,3629085.6247450463,KR,50,U003
100471,2000,400000,4278189.689852601,SA,31,U003
100472,3000,400001,4770985.557115788,SA,50,U002
100473,1000,400001,5133408.415911542,SA,31,U002
100474,2000,400001,4943349.352039585,KR,50,U003
100475,1000,400000,4508625.726445621,KR,40,U003
100476,1000,500000,5751450.751078775,SA,40,U001
100477,2000,400000,4896751.250750473,KR,31,U002
100478,1000,400001,5167521.089598339,SA,50,U001
100479,3000,400000,4551235.218089255,KR,31,U003
100480,1000,500000,6207152.21139217,SA,40,U001
100481,2000,400000,4686695.115834512,SA,31,U003
100482,2000,500000,5059754.293274608,KR,50,U003
100483,2000,500000,5827999.553701504,KR,31,U001
100484,1000,400000,5224033.808847968,SA,50,U002
100485,2000,400001,5204071.757149985,KR,50,U001
100486,2000,500000,3421075.5924827093,SA,40,U001
100487,1000,400000,5544508.001355108,SA,50,U002
100488,3000,500000,5044469.552170793,SA,50,U002
100489,1000,400001,5433252.08253804,SA,50,U001
100490,2000,400000,5146570.438695069,SA,31,U003
100491,2000,400000,4552673.954301702,SA,40,U001
100492,1000,400000,5715445.733239676,SA,31,U003
100493,3000,400001,5158501.289023933,SA,31,U002
100494,2000,500000,3968490.807165672,KR,40,U002
100495,2000,400000,6046813.72507693,KR,31,U003
100496,2000,500000,3855616.348490022,SA,31,U001
100497,1000,500000,5720743.387400433,SA,50,U002
100498,2000,400001,6189545.417544166,SA,31,U003
100499,3000,400000,4114963.65122939,KR,40,U003
100500,2000,500000,4901790.57060969,SA,31,U001
100501,2000,400000,4827241.403092658,SA,50,U003
100502,3000,400000,4863223.075855289,SA,31,U003
100503,2000,400001,6464190.684186451,KR,40,U001
100504,1000,400000,4124224.901666305,KR,50,U002
100505,1000,400000,38037970.912774414,KR,31,U002
100506,1000,500000,6202657.999057401,SA,40,U002
100507,3000,400001,4741640.937328681,SA,40,U003
100508,2000,400000,4251376.227306803,KR,31,U003
100509,1000,500000,5210411.745415798,SA,31,U001
100510,3000,400001,5644512.433365612,KR,50,U003
100511,2000,400001,4685727.223881362,KR,31,U003
100512,3000,500000,5443494.7126460355,SA,50,U002
100513,1000,500000,3898707.924740349,SA,31,U003
100514,1000,500000,3943178.3332651244,SA,40,U003
100515,1000,500000,4647930.975797898,SA,40,U003
100516,3000,500000,5472013.935993383,KR,40,U001
100517,3000,400000,5609198.384788069,KR,40,U003
100518,1000,400000,4054387.1620335495,KR,50,U001
100519,3000,400001,5579536.563786063,KR,40,U002
100520,1000,400000,5133205.632347824,KR,50,U003
100521,1000,400000,4296636.244438945,KR,50,U001
100522,2000,400000,3932649.318381601,SA,50,U002
100523,3000,500000,5183858.52392346,KR,31,U003
100524,1000,400001,6031650.579332357,SA,50,U001
100525,1000,400001,5028417.944622366,SA,31,U001
100526,3000,400001,4252063.320475011,KR,50,U002
100527,2000,400001,3505582.170336459,KR,31,U003
100528,2000,400000,6223592.677510887,SA,31,U003
100529,1000,400000,5833480.48825581,SA,40,U003
100530,3000,500000,5241661.479017281,KR,50,U001
100531,2000,400001,6182395.173812369,KR,31,U003
100532,3000,400000,5179135.279802876,SA,40,U001
100533,3000,400000,4575170.439505854,KR,50,U001
100534,1000,500000,5444105.796040168,KR,40,U002
100535,2000,500000,4336219.458985766,KR,31,U001
100536,1000,500000,4203481.745717456,KR,40,U002
100537,2000,400000,5617285.687685815,KR,40,U002
100538,2000,400000,5684607.014051266,SA,50,U003
100539,2000,500000,3981009.3756100726,KR,31,U002
100540,2000,400001,4010561.854046515,KR,50,U003
100541,2000,500000,4643960.245093591,SA,50,U002
100542,3000,500000,4430956.133456269,SA,40,U001
100543,1000,500000,5381191.010532295,KR,31,U003
100544,3000,500000,5038439.870212472,KR,50,U001
100545,2000,400000,5931925.006109284,SA,31,U003
100546,1000,400001,5253806.180187186,KR,50,U001
100547,2000,500000,4484338.5362626575,KR,40,U002
100548,1000,400001,3487096.9104908435,KR,50,U003
100549,3000,400001,5143564.7874217415,SA,50,U003
100550,1000,400001,3631737.511810978,KR,50,U003
100551,1000,500000,4474435.810463331,KR,31,U002
100552,1000,400000,4422618.57752266,SA,40,U001
100553,1000,500000,4593258.308093254,KR,31,U002
100554,1000,400001,3947172.592058514,KR,50,U002
100555,2000,400001,4419778.713512041,KR,40,U002
100556,1000,400000,5916723.6627614405,KR,31,U001
100557,1000,500000,5914518.7900599465,SA,50,U002
100558,3000,400001,6225999.820372777,SA,40,U003
100559,1000,400000,5008117.22059502,KR,40,U002
100560,3000,400001,5216975.303118597,KR,50,U001
100561,2000,400000,5928489.134154927,KR,40,U003
100562,1000,400000,3823471.234450306,KR,40,U001
100563,3000,500000,5644502.805362961,SA,31,U002
100564,3000,400001,6041875.778716524,SA,40,U001
100565,2000,500000,4288831.739169901,SA,31,U003
100566,1000,400001,6106111.316482928,KR,31,U001
100567,1000,500000,6646172.864241267,KR,31,U003
100568,3000,400001,5622277.336408663,KR,31,U003
100569,1000,500000,5475603.494928099,SA,40,U002
100570,3000,400000,4104179.160696593,SA,40,U002
100571,1000,400001,5855363.1432327395,SA,31,U003
100572,3000,400001,4179527.4778903094,SA,40,U001
100573,1000,400000,5295792.6421122905,SA,31,U003
100574,2000,500000,5376876.08586482,KR,31,U002
100575,1000,400001,2362997.590413976,KR,31,U001
100576,1000,400001,5324642.706828601,KR,50,U003
100577,2000,500000,7097179.829182791,SA,40,U002
100578,1000,400000,3326514.862183623,KR,40,U003
100579,2000,500000,4956886.4047894925,KR,31,U003
100580,1000,500000,3442307.6986123044,SA,40,U003
100581,3000,500000,4284686.8489558585,SA,31,U001
100582,3000,400001,3456178.516143757,SA,40,U002
100583,1000,400000,5127633.861597774,KR,31,U002
100584,1000,400000,5634883.842607675,SA,31,U003
100585,1000,500000,5327790.906215274,KR,50,U003
100586,3000,400001,4255854.0244339425,KR,31,U003
100587,1000,500000,4512484.194723258,SA,50,U001
100588,3000,400001,5217818.148868511,KR,40,U002
100589,2000,400001,4280860.807888864,SA,40,U003
100590,3000,400001,3936963.9131874866,SA,50,U002
100591,3000,400001,4808698.351918431,KR,40,U003
100592,2000,400000,4244233.432582074,KR,50,U002
100593,3000,400001,5329246.333802914,KR,40,U003
100594,1000,400001,6038957.920253534,SA,50,U001
100595,1000,500000,7078066.72216461,KR,50,U003
100596,3000,500000,5270453.52971172,SA,31,U003
100597,1000,400000,5516777.73025563,SA,40,U003
100598,3000,500000,4520546.125364698,KR,31,U003
100599,1000,400001,4570098.580622764,KR,50,U003
100600,1000,500000,6027244.997232752,KR,31,U002
100601,3000,400000,4778937.759882578,KR,50,U002
100602,1000,500000,5058357.902884626,SA,40,U001
100603,3000,500000,5978380.536102667,KR,40,U003
100604,1000,400000,4785098.262490728,SA,40,U002
100605,1000,400000,6200336.350150519,KR,50,U002
100606,2000,400001,5458423.468841124,KR,31,U003
100607,2000,500000,5364318.536782572,KR,40,U003
100608,3000,400001,4481448.682346125,SA,50,U001
100609,2000,500000,5407300.796040084,KR,31,U001
100610,3000,500000,4656763.241707003,SA,50,U002
100611,2000,400001,5375527.084956564,KR,50,U001
100612,1000,500000,4918539.947391657,KR,40,U002
100613,3000,500000,5773447.656787295,SA,50,U001
100614,3000,500000,4974583.061762596,SA,50,U003
100615,1000,400000,6630286.0401893575,KR,31,U001
100616,3000,400001,4779562.4172834195,KR,40,U002
100617,3000,400000,4572340.190381192,SA,50,U001
100618,2000,400001,5276891.029441003,KR,50,U002
100619,3000,400001,5862296.844661979,SA,31,U002
100620,1000,500000,5856078.787861819,KR,50,U001
100621,2000,400001,5133425.155521998,SA,50,U001
100622,2000,400000,5271271.328643828,SA,50,U002
100623,1000,400000,5272430.445897939,SA,50,U003
100624,1000,400000,4137701.7490975,SA,50,U001
100625,2000,400001,5819258.753412877,SA,31,U002
100626,3000,400000,3993714.854303466,KR,50,U003
100627,2000,400001,4139201.0593721666,KR,50,U002
100628,1000,400000,5044021.667617172,KR,50,U001
100629,2000,400000,4744112.212683567,KR,50,U002
100630,1000,400001,45095407.356002875,KR,40,U002
100631,2000,400000,5357882.138136145,KR,40,U002
100632,3000,500000,5110561.109656554,KR,40,U001
100633,2000,400001,4099572.8032223596,KR,40,U003
100634,2000,400001,5021248.083890721,KR,31,U003
100635,1000,400001,4957990.824702867,SA,40,U003
100636,1000,500000,5177749.389521736,SA,31,U003
100637,1000,400001,4655969.59565789,KR,40,U001
100638,2000,400000,5418254.0303948345,SA,31,U002
100639,3000,400000,4722751.169834507,KR,40,U003
100640,1000,400000,5343290.77210329,SA,50,U003
100641,1000,400001,45094704.47414881,SA,40,U001
100642,2000,400000,4572323.6010781005,SA,40,U002
100643,1000,400001,4382273.223854812,KR,40,U002
100644,3000,400000,5381092.925175471,KR,50,U003
100645,3000,500000,3943120.2554284567,KR,31,U003
100646,1000,500000,5889331.80391365,KR,31,U002
100647,1000,500000,40070160.74954864,SA,50,U001
100648,2000,500000,4908193.278481307,KR,40,U002
100649,3000,400001,5436812.73468098,SA,40,U002
100650,3000,400000,5387163.616337677,KR,40,U003
100651,1000,500000,5005214.459983125,SA,31,U001
100652,2000,400001,45623145.02785225,SA,31,U001
100653,3000,500000,4462089.355719798,SA,50,U001
100654,3000,500000,5569885.1946349,SA,50,U003
100655,2000,400001,4137101.22266474,KR,31,U001
100656,2000,400001,5408519.192852107,KR,40,U001
100657,3000,400000,4737701.362826434,SA,40,U003
100658,3000,400000,3951131.1501046475,KR,40,U002
100659,2000,500000,5205314.253715498,KR,40,U001
100660,3000,500000,4972458.805479417,SA,50,U002
100661,1000,400000,3765819.592414297,KR,50,U001
100662,1000,400000,26472540.527617723,KR,31,U002
100663,2000,400001,4878188.933266004,KR,50,U002
100664,2000,400000,6294580.768561462,SA,40,U003
100665,2000,400000,5256812.006564729,KR,31,U003
100666,1000,500000,4465357.4106284445,SA,50,U001
100667,3000,400000,5865495.612550286,SA,50,U001
100668,1000,500000,5725778.894299647,SA,50,U003
100669,3000,400000,48138106.09913207,KR,50,U001
100670,1000,400001,5547118.211474165,KR,50,U001
100671,3000,400000,5708721.858488967,KR,40,U003
100672,1000,400000,5584886.824810051,SA,40,U002
100673,2000,400000,4617996.042066858,KR,40,U001
100674,1000,500000,3690175.408477124,SA,50,U003
100675,3000,400001,4583091.683365558,KR,31,U001
100676,1000,400000,5883949.581601083,SA,40,U001
100677,1000,500000,4695191.331124343,KR,40,U003
100678,1000,400001,4883632.7591141155,KR,50,U003
100679,2000,500000,4067372.053482844,KR,31,U001
100680,1000,500000,4559128.342272622,SA,40,U001
100681,2000,400001,4992728.666573259,SA,40,U002
100682,2000,400000,5394049.7422870025,KR,31,U002
100683,1000,500000,4633071.226259467,SA,50,U003
100684,1000,500000,4577170.059505841,SA,31,U001
100685,1000,400000,5673740.452119094,SA,50,U003
100686,3000,400000,5260213.221150579,KR,40,U003
100687,1000,400001,5358937.9721537195,KR,31,U001
100688,2000,400001,6222656.4688546965,KR,31,U002
100689,1000,400001,4595940.489271714,SA,40,U003
100690,3000,400000,4960784.663614692,KR,40,U003
100691,1000,500000,5440927.819538517,SA,50,U001
100692,3000,500000,4302794.11067359,SA,40,U002
100693,3000,400001,5183239.790601695,KR,40,U002
100694,1000,400000,5017757.19780728,KR,31,U001
100695,2000,500000,7221839.529255299,KR,50,U003
100696,3000,400001,5079895.601332059,SA,40,U001
100697,1000,500000,5925551.812451466,SA,31,U001
100698,1000,500000,5663954.571077474,KR,40,U002
100699,2000,400000,4074750.71748721,SA,40,U003
100700,3000,400000,3760940.92963144,KR,40,U003
100701,3000,500000,5197611.684293035,KR,40,U002
100702,1000,400001,6005867.729717564,KR,50,U003
100703,1000,400000,5230331.8556505395,KR,31,U003
100704,2000,500000,5063081.443213739,KR,31,U001
100705,2000,400000,4772730.6776406,KR,40,U001
100706,3000,400000,3940831.0027228766,SA,31,U001
100707,3000,400000,4231583.42592879,SA,40,U003
100708,1000,500000,3702149.0489282417,KR,31,U003
100709,3000,400001,4117562.720709399,KR,50,U003
100710,2000,400001,36633547.280452155,SA,50,U003
100711,2000,400001,5620812.817213589,SA,31,U002
100712,1000,400000,4643946.191363522,KR,40,U002
100713,2000,500000,5204500.628439774,KR,40,U003
100714,2000,400000,5108183.368941345,SA,40,U001
100715,2000,400001,5399239.068386379,KR,40,U001
100716,2000,400001,4172148.054786193,SA,50,U002
100717,1000,500000,5847354.972098839,KR,40,U002
100718,1000,400000,3874258.412037126,SA,40,U003
100719,3000,400001,4641749.438090714,KR,40,U003
100720,2000,500000,4983275.673778737,KR,40,U003
100721,3000,400000,5608115.878519798,KR,50,U003
100722,1000,400000,6103447.4684406025,SA,31,U003
100723,1000,400001,5614425.216102712,KR,31,U001
100724,1000,400001,6132733.085964687,SA,40,U001
100725,1000,400000,34693274.05115325,SA,40,U003
100726,1000,400000,5952296.384056968,SA,31,U001
100727,1000,400001,5814925.38393064,SA,50,U003
100728,1000,400000,3082979.954379469,KR,50,U003
100729,2000,400001,4823628.604884579,KR,50,U002
100730,3000,400000,5481629.938705426,KR,50,U001
100731,1000,400001,4587668.907643649,SA,50,U001
100732,2000,500000,4131339.8621630105,KR,50,U002
100733,2000,400001,6691340.1743535,SA,50,U001
100734,3000,400001,5088832.120776725,SA,50,U002
100735,1000,500000,5110724.347323249,SA,50,U001
100736,3000,400000,3952804.7080999473,KR,40,U003
100737,1000,500000,4510111.203363009,SA,50,U002
100738,2000,400001,4281727.496502478,KR,40,U003
100739,2000,400000,5863180.184111442,KR,31,U003
100740,2000,500000,5403706.896740842,KR,40,U001
100741,2000,400000,4543549.045754776,SA,31,U002
100742,3000,400000,5448400.190932971,KR,40,U003
100743,1000,500000,4797183.883407138,SA,31,U003
100744,1000,400000,5187592.574382833,SA,40,U002
100745,3000,500000,5183811.109748565,SA,40,U001
100746,1000,400001,5336213.768383679,SA,31,U003
100747,2000,400000,5239721.538717397,KR,50,U001
100748,1000,400001,5336839.720931927,KR,50,U002
100749,2000,400001,6004646.648388459,KR,50,U001
100750,3000,400000,5512450.202458819,KR,50,U002
100751,1000,500000,4730478.589819232,SA,50,U001
100752,3000,400000,4921637.80321186,SA,40,U001
100753,1000,400001,5984136.470397653,SA,50,U003
100754,2000,400001,5089937.963958572,SA,40,U001
100755,3000,500000,4700785.266114321,KR,31,U003
100756,1000,400000,4495089.326295971,KR,50,U002
100757,2000,400001,5218430.486532997,SA,50,U002
100758,3000,400001,4316114.557963539,SA,50,U003
100759,3000,400001,6027836.339067445,SA,50,U001
100760,1000,500000,4169745.3169943364,SA,40,U002
100761,1000,400001,6182454.180415537,KR,40,U002
100762,1000,400001,4771815.74730204,SA,40,U002
100763,2000,400000,4138610.117097875,KR,31,U003
100764,1000,400000,5151340.590852301,KR,40,U002
100765,3000,400001,4237568.673428569,SA,50,U002
100766,3000,400001,5027497.408824208,SA,31,U002
100767,1000,400000,4537965.174720534,KR,31,U002
100768,1000,500000,5756058.614295273,KR,50,U003
100769,3000,500000,5109399.687950105,SA,50,U003
100770,2000,500000,4049199.334340372,KR,50,U001
100771,1000,500000,4522370.767659196,SA,50,U002
100772,1000,500000,5563957.7996745035,SA,40,U003
100773,3000,500000,6029673.68303238,KR,31,U001
100774,1000,500000,4963780.154025853,KR,50,U001
100775,2000,500000,4164482.750504877,SA,40,U002
100776,3000,400000,5843229.048680711,SA,50,U001
100777,1000,500000,5560450.9399147,KR,40,U003
100778,3000,500000,6045231.66744204,KR,50,U001
100779,1000,500000,5232167.294737046,KR,50,U001
100780,1000,400001,4583522.467362486,KR,50,U003
100781,1000,400000,5413510.788316464,SA,40,U001
100782,2000,400000,5261063.378753265,SA,50,U001
100783,2000,400000,4540101.046523172,SA,40,U001
100784,3000,500000,5158910.867077925,KR,40,U001
100785,1000,500000,4843979.288942363,KR,31,U002
100786,1000,400001,5594830.275986944,SA,40,U002
100787,2000,400000,5393605.528252348,KR,40,U003
100788,1000,500000,4158726.885375048,KR,40,U001
100789,2000,400000,4078061.9365112074,KR,40,U003
100790,1000,400001,4928151.0611411575,KR,40,U002
100791,3000,400001,5026255.428303452,KR,31,U001
100792,1000,400001,5608781.419273461,KR,50,U001
100793,1000,400000,5410643.128449511,SA,31,U002
100794,2000,500000,6166948.514570193,SA,31,U001
100795,1000,500000,4626245.228579656,SA,50,U001
100796,1000,400001,4580571.144458234,SA,40,U002
100797,2000,500000,4232148.7954839645,KR,50,U003
100798,3000,400001,5599525.691820064,SA,40,U003
100799,3000,400000,5017401.7472127685,SA,50,U001
100800,2000,400001,3517117.186430683,SA,31,U002
100801,2000,400000,41293858.41733051,SA,40,U003
100802,2000,400001,5212776.1342536565,KR,31,U003
100803,2000,500000,4884522.445801725,KR,40,U001
100804,2000,500000,5237323.882366735,SA,50,U003
100805,3000,400001,4023811.4406194235,SA,50,U002
100806,3000,500000,6312825.467280022,KR,50,U003
100807,2000,500000,5304207.540860739,KR,50,U002
100808,1000,500000,3581040.8935371023,SA,50,U002
100809,2000,400000,4995282.320535913,KR,31,U001
100810,1000,500000,5325376.159721691,KR,31,U003
100811,2000,400000,4109654.340061561,SA,40,U001
100812,2000,400001,5426904.22321075,KR,31,U003
100813,3000,500000,6344740.498406932,SA,40,U001
100814,1000,500000,4484504.751560377,SA,40,U001
100815,1000,500000,5342750.956695955,KR,31,U001
100816,3000,400001,5166878.879193758,KR,31,U003
100817,3000,400000,5774631.999849905,KR,40,U001
100818,3000,400000,4912926.476300687,KR,31,U002
100819,3000,500000,4146626.6989105046,KR,31,U003
100820,1000,400001,5723345.797579765,KR,31,U002
100821,1000,400001,4194191.527423885,SA,50,U001
100822,2000,400001,6447089.102314356,KR,50,U001
100823,2000,400001,5448615.479212134,SA,40,U002
100824,3000,400001,4520885.810707708,KR,31,U001
100825,3000,400000,5886921.290005006,KR,40,U003
100826,3000,400000,4992648.772775291,KR,31,U002
100827,2000,400000,4822875.551204782,KR,50,U003
100828,2000,500000,35642435.9929743,KR,31,U003
100829,2000,400001,3497456.8003745303,SA,31,U003
100830,2000,500000,5483514.0562934615,SA,31,U001
100831,2000,400001,3697498.590545914,SA,50,U001
100832,2000,400000,4365364.5345188975,KR,50,U002
100833,2000,500000,5346275.6430802215,KR,50,U002
100834,3000,400000,4599458.878803588,KR,40,U003
100835,3000,400001,5125721.4966327585,SA,31,U001
100836,3000,400001,4029043.7488402775,SA,50,U001
100837,3000,400001,4721232.501489678,KR,40,U001
100838,2000,400000,5130708.563966551,SA,50,U002
100839,1000,400001,4238821.987251422,KR,31,U001
100840,2000,400000,6349090.782193537,KR,40,U003
100841,1000,500000,4490060.869695418,SA,50,U003
100842,3000,400001,6102733.430412725,SA,50,U003
100843,2000,400001,4865755.5642028265,SA,40,U001
100844,3000,400001,3745219.547134917,SA,40,U003
100845,2000,500000,4090479.3531234777,KR,40,U003
100846,3000,400001,5140863.431145104,KR,40,U002
100847,1000,400000,46609764.816373914,SA,40,U002
100848,1000,400000,6415821.706100291,SA,50,U001
100849,1000,400001,5102574.982874636,SA,40,U001
100850,2000,400001,4058205.0020043347,SA,40,U001
100851,1000,500000,5222788.064435796,KR,31,U001
100852,2000,500000,4339828.2613118775,KR,50,U001
100853,1000,500000,5313753.296955641,KR,31,U002
100854,1000,400001,4246820.35807556,KR,50,U002
100855,2000,500000,3328343.81026415,KR,50,U002
100856,2000,500000,6053484.527695918,KR,50,U003
100857,1000,400000,4818866.614923791,KR,40,U003
100858,2000,500000,5039728.267053265,SA,31,U002
100859,1000,400000,5797361.099391617,KR,50,U002
100860,2000,400000,6503077.367465164,SA,50,U001
100861,3000,500000,5576064.521719165,SA,50,U002
100862,3000,400000,5082401.292962889,SA,31,U001
100863,3000,400001,5370298.300890592,KR,50,U002
100864,3000,400001,4764173.56537069,KR,31,U001
100865,3000,500000,5028891.502791711,KR,31,U002
100866,1000,400001,5115890.910287348,KR,40,U001
100867,3000,400000,4370699.794557493,SA,50,U003
100868,3000,400001,5016938.869502301,KR,50,U003
100869,3000,500000,5293681.482003144,SA,31,U001
100870,3000,500000,5413613.51806044,KR,31,U001
100871,2000,400000,5349859.025943452,KR,40,U003
100872,1000,500000,3928779.8255405007,SA,50,U002
100873,3000,400001,5983407.154079725,SA,31,U001
100874,3000,500000,5917024.981963052,SA,50,U002
100875,3000,400000,4923081.273424969,KR,50,U003
100876,1000,500000,5364406.956084347,KR,50,U003
100877,2000,400001,4826756.986313193,SA,31,U001
100878,1000,400000,5601566.130249173,KR,50,U002
100879,2000,400001,4348582.523093305,SA,31,U003
100880,3000,400000,6073968.47623274,KR,40,U002
100881,3000,500000,5561766.089454366,SA,40,U003
100882,1000,400000,5580347.033255112,SA,31,U001
100883,1000,400000,4915957.698859346,KR,50,U002
100884,2000,500000,3869905.196053846,SA,40,U002
100885,2000,400001,5707147.760096616,KR,40,U001
100886,1000,500000,3896350.9320779596,KR,31,U001
100887,2000,400000,5716778.128179636,SA,31,U001
100888,1000,500000,4382298.226534221,SA,31,U001
100889,2000,400000,3730361.076775517,KR,31,U003
100890,1000,500000,5000799.762970825,KR,31,U002
100891,1000,500000,5946240.440430725,SA,31,U003
100892,1000,400001,4227517.001265051,SA,31,U001
100893,2000,400000,6279227.6995158605,SA,50,U003
100894,2000,400001,5525392.43506454,KR,50,U003
100895,2000,400000,5125407.617892701,KR,50,U002
100896,1000,500000,37212004.76006968,KR,50,U002
100897,2000,400000,4707282.118564151,SA,40,U002
100898,2000,400001,5344133.783000712,SA,50,U001
100899,1000,400001,5676832.686815249,KR,40,U001
100900,3000,400001,4525203.02587833,KR,40,U002
100901,1000,400000,4354789.338172185,SA,40,U003
100902,2000,400001,4828938.545262506,KR,31,U002
100903,1000,400001,6114902.940685876,SA,40,U001
100904,3000,400001,4026489.327730826,SA,40,U003
100905,1000,500000,5913982.115794217,SA,40,U001
100906,2000,500000,5033823.865274506,KR,31,U002
100907,3000,400000,3677808.685473108,KR,50,U002
100908,2000,400000,4630694.078747454,SA,50,U003
100909,3000,400001,5487734.458352218,SA,40,U002
100910,3000,500000,6441451.156032609,KR,40,U001
100911,1000,400001,31504814.570357967,SA,50,U001
100912,1000,400001,2744658.8191557936,KR,50,U001
100913,2000,500000,3952357.747633651,KR,50,U003
100914,1000,500000,5904332.406293205,KR,50,U001
100915,1000,500000,3565006.634345264,SA,40,U002
100916,3000,400000,6197803.11270351,SA,40,U003
100917,1000,400000,5971847.158209536,SA,40,U001
100918,3000,400001,5152828.993650206,SA,50,U001
100919,3000,400000,4498907.751722378,KR,31,U002
100920,3000,500000,5044208.500653714,SA,50,U002
100921,2000,500000,5488869.881712082,KR,50,U003
100922,2000,400000,5366781.171780239,SA,31,U001
100923,2000,400001,6391727.498616084,SA,31,U001
100924,3000,400001,4791918.0401388025,SA,50,U002
100925,2000,400000,31674604.968812816,SA,31,U003
100926,2000,400001,30545403.4743544,SA,31,U002
100927,1000,400001,3658166.9855526797,KR,31,U002
100928,2000,400001,41256185.10422788,SA,50,U003
100929,2000,500000,4812505.039422034,SA,50,U001
100930,3000,500000,5026123.682315418,SA,31,U001
100931,3000,400000,36562818.93884043,SA,40,U001
100932,3000,500000,4111866.5130218584,SA,31,U003
100933,3000,400001,5491468.7077019615,KR,31,U003
100934,3000,500000,3029548.8801229987,SA,50,U003
100935,3000,400000,4358723.545797011,KR,40,U003
100936,2000,500000,5629192.127974713,SA,31,U003
100937,3000,400001,4279329.258637571,KR,40,U002
100938,3000,400001,42506722.68671038,SA,50,U001
100939,1000,400000,4359792.723570828,SA,40,U003
100940,2000,500000,4635324.10093577,KR,50,U001
100941,2000,500000,5459936.412643839,SA,31,U003
100942,2000,500000,3977721.3463494936,KR,50,U001
100943,3000,400001,5596222.664061077,SA,40,U002
100944,3000,400000,5036736.393958213,KR,40,U001
100945,3000,500000,6005151.093903224,KR,40,U001
100946,1000,400001,5166519.977317392,KR,31,U003
100947,3000,400001,4144410.703616522,SA,40,U001
100948,1000,400001,51059164.30042391,KR,40,U002
100949,2000,500000,4211245.644158274,SA,40,U002
100950,3000,500000,4818275.1326928465,KR,50,U002
100951,1000,500000,5765927.141569419,KR,40,U003
100952,1000,500000,3496057.7802530895,KR,50,U003
100953,3000,500000,6151735.184091099,SA,40,U003
100954,2000,500000,4079292.5661389492,SA,50,U003
100955,2000,500000,4636000.4641299425,SA,50,U003
100956,2000,500000,5231086.323358141,KR,31,U002
100957,1000,500000,4966635.315131679,SA,31,U001
100958,1000,400001,5631340.846760362,SA,50,U002
100959,1000,500000,3719353.9432231598,KR,50,U003
100960,1000,400000,5581961.083018173,KR,31,U002
100961,2000,400001,5645793.910218824,SA,50,U001
100962,3000,500000,5823380.663396714,SA,31,U003
100963,1000,400000,3728271.382426872,SA,31,U002
100964,1000,500000,3824851.812936782,KR,40,U002
100965,2000,400000,4726099.480273191,KR,40,U001
100966,3000,400000,31290714.999662712,KR,31,U003
100967,3000,400000,3556825.680468397,KR,31,U003
100968,2000,400000,37533030.03378454,KR,50,U001
100969,2000,400001,5187273.089166212,SA,31,U001
100970,3000,400001,7239183.624235727,SA,31,U001
100971,1000,400000,5438940.123236552,SA,40,U001
100972,3000,500000,6401815.999919855,KR,31,U003
100973,2000,400000,4964679.130901138,KR,50,U003
100974,1000,400001,5447652.794293835,SA,31,U002
100975,1000,500000,4883089.843573781,SA,40,U002
100976,2000,400001,7146498.573373511,SA,40,U002
100977,2000,400001,4451527.309176753,KR,40,U003
100978,2000,500000,4560020.559893447,KR,40,U003
100979,3000,400000,5637232.550124963,KR,31,U003
100980,3000,400000,5165978.322911461,KR,50,U002
100981,1000,400000,4660670.3972183075,KR,50,U001
100982,2000,400000,5768301.718990525,SA,50,U001
100983,1000,500000,4967082.268215102,SA,31,U001
100984,1000,500000,4961442.618042089,KR,31,U001
100985,1000,500000,5184465.846023113,KR,31,U001
100986,1000,400001,3612703.448390129,SA,50,U003
100987,2000,500000,3725396.806568451,KR,31,U002
100988,1000,400000,5869516.490069446,KR,31,U001
100989,2000,400001,4458430.663265997,SA,40,U001
100990,2000,400000,4893638.921432244,KR,40,U001
100991,3000,400000,6289950.9088983415,KR,50,U003
100992,2000,500000,4929706.035256332,SA,40,U001
100993,3000,500000,38655431.58971417,KR,40,U002
100994,2000,400000,5716862.071596231,KR,40,U003
100995,2000,400000,4521388.0667577125,SA,31,U003
100996,2000,400001,5962343.383425632,SA,40,U003
100997,3000,500000,5700446.335549184,KR,40,U001
100998,3000,400001,6464266.55624667,SA,40,U001
100999,1000,400001,4447725.565378241,SA,31,U001
101000,3000,400001,6093579.716961931,KR,50,U001
101001,3000,400000,5443273.685603141,SA,31,U002
101002,3000,400001,3939706.8930599825,KR,31,U003
101003,3000,400001,2923058.860444275,SA,40,U001
101004,1000,400000,4361578.494323736,SA,50,U002
101005,3000,500000,5233878.245876602,KR,40,U003
101006,2000,500000,5349878.346086246,KR,40,U003
101007,2000,400001,4952735.147771948,KR,50,U003
101008,3000,400000,4959896.507261573,SA,50,U001
101009,3000,500000,4899205.199919848,KR,31,U003
101010,2000,400001,5824973.706990685,KR,50,U001
101011,2000,400001,3850968.2413735427,SA,31,U002
101012,1000,400000,5214631.886027423,SA,31,U003
101013,2000,400001,4341798.979309566,SA,40,U002
101014,2000,500000,4274767.147954052,KR,40,U001
101015,3000,400000,47527875.60900375,SA,40,U001
101016,2000,500000,4213389.538464046,SA,50,U001
101017,1000,500000,4888385.412880111,KR,50,U003
101018,2000,500000,6566798.721503195,SA,31,U003
101019,3000,400001,5670461.57446534,SA,31,U002
101020,3000,400001,4636023.749631697,KR,31,U001
101021,2000,500000,4702101.5532752955,SA,50,U002
101022,3000,500000,4018237.6810733657,KR,31,U001
101023,1000,400000,6040516.193812842,KR,31,U001
101024,1000,400000,5809081.446336854,KR,50,U002
101025,2000,400001,5549281.819095825,KR,40,U001
101026,2000,400001,5637466.355847311,KR,50,U002
101027,2000,400000,4380380.312482061,SA,31,U003
101028,3000,500000,3761670.0458113197,KR,40,U002
101029,1000,400001,5448432.340243047,KR,50,U002
101030,1000,500000,5710846.2988971155,KR,40,U001
101031,3000,400000,6285637.34650157,KR,40,U002
101032,1000,400001,4839287.834981257,SA,31,U003
101033,2000,400001,4722598.977135745,SA,50,U003
101034,2000,400000,4808591.836264435,SA,31,U003
101035,2000,400001,44292760.48277048,KR,50,U003
101036,1000,400000,4774328.573859803,SA,50,U002
101037,2000,400001,4958208.730589328,SA,50,U003
101038,3000,400000,45318738.5039293,KR,40,U002
101039,3000,400001,4499331.075813011,KR,40,U002
101040,1000,500000,6112923.188337411,SA,31,U001
101041,3000,500000,5506471.205861261,SA,50,U002
101042,3000,500000,3513903.4965277477,SA,50,U002
101043,1000,400001,36701733.14221846,SA,40,U001
101044,2000,400001,3380525.201435113,KR,50,U003
101045,2000,500000,4842656.48137056,KR,31,U003
101046,2000,500000,4601351.116703572,KR,50,U002
101047,1000,400000,5667883.807360151,KR,50,U001
101048,3000,400000,4295185.320835733,KR,40,U002
101049,2000,400000,5310188.001547592,SA,50,U002
101050,2000,500000,5455078.087574747,KR,31,U003
101051,1000,500000,5205755.881782412,KR,31,U001
101052,2000,500000,5912098.8654180225,SA,31,U002
101053,1000,400000,6654631.080673501,KR,31,U003
101054,3000,400001,5089553.554159254,SA,40,U002
101055,1000,500000,5324143.613512294,KR,50,U003
101056,1000,400001,4295778.436934312,KR,40,U001
101057,1000,400001,4184381.268781406,KR,31,U002
101058,1000,400001,5827063.720266182,SA,50,U001
101059,3000,400000,5721220.404882686,KR,40,U003
101060,3000,400001,4176304.1006629895,SA,50,U001
101061,2000,500000,3953423.565992422,KR,31,U001
101062,3000,400000,4481010.556255529,KR,31,U001
101063,3000,500000,4886897.624452711,SA,50,U002
101064,2000,500000,4672698.873213405,SA,50,U003
101065,3000,400000,5128411.894665802,KR,31,U001
101066,1000,500000,5733650.009898084,SA,40,U002
101067,1000,500000,5369683.50300395,KR,31,U003
101068,2000,400000,43431174.385178395,KR,50,U003
101069,2000,500000,3038770.884472898,SA,40,U003
101070,2000,400001,3708877.583904734,SA,31,U001
101071,1000,500000,4362834.553883154,SA,50,U001
101072,3000,400001,4494885.081472395,KR,50,U001
101073,1000,500000,5671862.267951387,SA,50,U003
101074,2000,400000,4296878.854825495,KR,40,U003
101075,3000,400000,5533542.129085895,SA,40,U001
101076,3000,500000,4371915.408954961,SA,40,U001
101077,1000,400000,4039292.5700857476,SA,40,U003
101078,2000,500000,4076440.272764967,SA,50,U003
101079,1000,400000,6806613.194631377,SA,50,U002
101080,3000,400001,4354108.025192005,KR,40,U002
101081,1000,500000,5552789.767088273,SA,40,U001
101082,1000,400001,3753441.2561998395,SA,50,U003
101083,2000,400001,6135143.203342988,KR,31,U003
101084,2000,500000,5279232.916050971,KR,31,U002
101085,3000,400001,41753464.76027448,KR,50,U003
101086,1000,500000,5331061.858514655,KR,40,U001
101087,1000,400001,5419199.779556281,SA,40,U002
101088,1000,500000,5647253.807075904,SA,50,U003
101089,3000,500000,4520722.065432778,KR,31,U003
101090,3000,400000,4473929.364982302,SA,50,U001
101091,2000,500000,5039379.1024384545,KR,50,U003
101092,2000,500000,5547542.208334647,KR,50,U002
101093,2000,400001,4946675.619022009,SA,40,U002
101094,1000,500000,5619121.436639283,SA,40,U003
101095,1000,400000,5494269.426161534,KR,40,U003
101096,2000,400001,4826413.390867179,SA,31,U003
101097,1000,400001,3602256.0241753208,KR,50,U003
101098,2000,400000,4597177.643716871,KR,50,U002
101099,3000,400001,6394237.78704774,KR,31,U001
101100,2000,400001,5272047.72056456,KR,40,U002
101101,3000,400001,4488359.894983926,SA,50,U003
101102,1000,400001,5200521.26208632,KR,31,U003
101103,2000,400000,5541315.254662242,KR,40,U002
101104,1000,400000,4488747.512438693,KR,40,U002
101105,3000,400001,5988307.115297517,SA,50,U003
101106,3000,400001,5396558.41693092,KR,40,U002
101107,3000,400000,4120072.981462128,KR,31,U003
101108,1000,400000,5685093.029233899,SA,40,U002
101109,1000,400000,4672309.292161844,KR,50,U003
101110,1000,400001,4856695.658955515,KR,31,U002
101111,1000,400001,4187225.042425511,KR,40,U003
101112,3000,500000,5505157.130151864,KR,40,U001
101113,3000,400000,4880907.818643663,SA,40,U001
101114,2000,400001,5539005.563600487,SA,31,U002
101115,2000,400000,4559214.088747544,SA,40,U001
101116,1000,400001,4467677.369703937,KR,50,U003
101117,3000,400000,4402850.342721799,SA,31,U002
101118,3000,400001,5316825.743634343,SA,31,U002
101119,3000,500000,4455720.140397811,KR,40,U003
101120,2000,500000,4837509.88101887,SA,31,U003
101121,2000,400000,4585258.410154934,SA,50,U003
101122,3000,400001,5352067.139918141,SA,31,U002
101123,3000,400001,3611758.0427165506,KR,50,U003
101124,3000,400000,5197626.296178671,KR,40,U001
101125,2000,400001,6385074.551276646,SA,31,U002
101126,3000,400000,5988820.886986958,SA,50,U003
101127,3000,400001,4506677.502421223,KR,40,U002
101128,1000,400000,5395681.420931987,KR,50,U001
101129,1000,400001,5240452.378271924,KR,31,U001
101130,2000,400000,6175513.650529711,KR,31,U003
101131,3000,400001,2991908.062141786,SA,50,U002
101132,3000,500000,5890293.895148131,KR,40,U003
101133,1000,400001,4785985.861788903,SA,40,U002
101134,2000,400000,4405416.8484396655,KR,40,U003
101135,1000,500000,4382558.3769643,KR,40,U003
101136,1000,400001,3960074.947030976,KR,50,U002
101137,1000,500000,4508705.274020852,KR,31,U002
101138,1000,400001,4136212.7568548834,SA,50,U001
101139,3000,500000,5144173.736405855,SA,31,U001
101140,3000,400000,5471950.105862704,SA,31,U002
101141,1000,400001,4794741.272289311,KR,50,U001
101142,2000,400001,6199778.565004932,SA,50,U001
101143,2000,400000,4561262.971634449,KR,40,U002
101144,2000,500000,4752910.062082726,KR,31,U002
101145,2000,400000,4621647.485657261,SA,40,U002
101146,1000,400000,5478895.099131516,KR,40,U003
101147,3000,500000,5559658.802281511,KR,50,U002
101148,2000,400000,5396293.507176878,SA,40,U002
101149,1000,400001,4900713.076850024,KR,40,U002
101150,2000,400001,3927501.712737689,KR,40,U001
101151,2000,400001,4744447.535351595,SA,50,U002
101152,1000,400000,6182511.771120425,SA,40,U001
101153,3000,400001,5810590.309947989,KR,40,U003
101154,3000,400001,5235240.317349376,SA,50,U002
101155,1000,400001,4692438.354305245,KR,50,U002
101156,3000,400001,4989105.21813238,SA,50,U001
101157,1000,400001,4695996.6087714285,KR,31,U003
101158,1000,400001,5954441.350466837,SA,50,U002
101159,1000,400000,4328826.401285267,SA,31,U003
101160,3000,400001,5738935.425837582,KR,50,U003
101161,1000,400001,4576637.942672987,SA,50,U002
101162,2000,500000,6056741.4642895935,SA,50,U003
101163,3000,400000,5341420.739046405,KR,31,U003
101164,3000,400000,4400490.080044105,SA,40,U002
101165,3000,400000,4752550.069198394,SA,50,U001
101166,3000,400000,5569312.485378661,SA,31,U002
101167,2000,400001,4600685.741140752,KR,50,U003
101168,3000,400001,5017709.188304965,SA,40,U002
101169,3000,500000,4589644.664680844,KR,31,U001
101170,1000,500000,6407293.718598837,KR,50,U003
101171,3000,400000,6544857.514361064,SA,50,U003
101172,2000,500000,6170499.162713379,KR,50,U001
101173,2000,500000,4900500.827892934,KR,40,U001
101174,2000,400000,4677797.882634426,KR,31,U003
101175,2000,400000,4376669.136388697,KR,50,U001
101176,3000,500000,6228577.032642485,SA,50,U002
101177,3000,400001,5744578.968560935,SA,31,U001
101178,2000,500000,5783008.705205873,SA,40,U002
101179,2000,500000,4800057.650495286,KR,40,U003
101180,3000,400001,28749456.10074939,KR,40,U003
101181,2000,400001,3777633.9123673895,SA,40,U003
101182,1000,400000,40368858.00257606,KR,40,U003
101183,2000,400000,4581860.594906932,SA,50,U003
101184,2000,500000,4489838.964485895,KR,50,U001
101185,1000,400001,5276118.698982899,SA,50,U001
101186,1000,400000,5810927.863887594,SA,31,U003
101187,3000,500000,4439018.345122601,SA,40,U001
101188,3000,400001,3955512.2514750576,KR,31,U001
101189,1000,500000,4458023.059617818,SA,40,U003
101190,1000,400000,4164828.829958454,KR,40,U001
101191,3000,400000,5474266.092740791,KR,31,U003
101192,2000,400001,4996712.996632063,SA,50,U003
101193,1000,500000,6504391.382588448,SA,31,U003
101194,3000,400001,5587748.09571061,KR,50,U003
101195,2000,400000,6451084.909598532,KR,40,U001
101196,1000,400000,3876899.7120739073,SA,50,U001
101197,2000,500000,2397712.9628547067,SA,40,U002
101198,3000,500000,5194393.622748321,KR,40,U002
101199,1000,500000,5098576.192793686,SA,50,U003
101200,2000,400001,4901771.66836165,SA,40,U002
101201,1000,500000,5076637.380503716,SA,50,U001
101202,2000,500000,4100779.0522155133,SA,31,U001
101203,3000,400000,5450542.9583075605,KR,40,U002
101204,3000,400000,5588954.59208187,KR,40,U002
101205,1000,500000,4040201.026397514,SA,31,U001
101206,2000,500000,37736726.90656453,SA,40,U002
101207,1000,400000,4766508.920688191,KR,31,U001
101208,1000,500000,4463351.278271777,KR,31,U001
101209,2000,400001,4071110.0878934227,KR,40,U002
101210,2000,400001,5010003.992820339,KR,31,U002
101211,2000,400001,5208644.416531439,KR,31,U003
101212,3000,500000,36094834.50390851,SA,31,U003
101213,1000,400000,4127369.121794834,SA,40,U003
101214,1000,500000,5328445.796033098,KR,31,U003
101215,3000,500000,4386143.619811475,KR,50,U003
101216,2000,400000,4752635.589120636,SA,50,U001
101217,3000,400000,4651138.697473424,KR,31,U002
101218,3000,400000,5996566.931335729,KR,50,U001
101219,3000,400001,4422855.628757105,SA,40,U003
101220,1000,500000,6380421.263207188,SA,31,U003
101221,3000,400000,5601841.550513206,SA,40,U002
101222,1000,500000,6456718.940631483,SA,50,U001
101223,1000,400001,5531711.063663739,KR,50,U003
101224,1000,400001,4823164.4418382635,SA,50,U003
101225,2000,400000,4266106.936678245,KR,50,U003
101226,1000,400000,4715670.887380581,KR,40,U003
101227,1000,500000,6189824.820178581,KR,31,U001
101228,2000,400000,4961648.966124091,KR,40,U001
101229,1000,500000,5528735.509724086,SA,31,U003
101230,3000,400000,5165577.076052794,KR,50,U001
101231,3000,500000,5199728.942807393,KR,50,U003
101232,1000,500000,5230527.747171932,KR,50,U002
101233,2000,500000,5396273.189465962,SA,50,U002
101234,3000,500000,4348714.007127352,SA,40,U002
101235,2000,400001,4780076.583275044,SA,31,U001
101236,2000,500000,5247450.666413072,SA,31,U003
101237,3000,400000,5130789.778000157,SA,50,U002
101238,2000,400001,4631036.3171102125,KR,40,U002
101239,3000,400001,5333280.731808884,SA,50,U001
101240,2000,500000,4383086.914754225,KR,31,U001
101241,3000,400001,4021595.064850984,SA,31,U002
101242,1000,500000,5235988.614311315,KR,40,U003
101243,3000,400000,4041206.609983394,SA,31,U003
101244,3000,500000,5224099.2019357085,KR,40,U003
101245,3000,400001,3436255.2035209974,SA,50,U002
101246,3000,400000,4420009.728674561,KR,50,U001
101247,2000,500000,4737938.469560708,KR,40,U003
101248,1000,400000,3714691.860305872,KR,50,U002
101249,3000,400000,4701862.181701462,KR,40,U002
101250,2000,400001,5948015.710361929,KR,50,U001
101251,1000,400000,3983753.0184931555,KR,50,U003
101252,1000,400001,4723701.403582919,SA,31,U002
101253,1000,400000,6362115.73549776,SA,31,U003
101254,1000,500000,4150511.3095913855,KR,40,U003
101255,3000,400000,6117778.681387098,KR,50,U003
101256,3000,500000,4776795.77596323,KR,50,U002
101257,2000,500000,5081529.668706332,KR,50,U003
101258,2000,400000,6033185.7851275075,KR,31,U001
101259,2000,500000,4611921.648559185,KR,40,U002
101260,1000,400000,44038564.309782304,KR,40,U002
101261,1000,400000,5707677.68538047,SA,40,U003
101262,3000,500000,4479348.794206346,KR,50,U003
101263,1000,500000,4390855.866320964,KR,40,U003
101264,1000,400001,4817117.523480827,SA,31,U002
101265,1000,500000,4842147.727071009,SA,31,U001
101266,2000,400001,4136841.616727049,KR,40,U001
101267,2000,500000,4486719.601065575,SA,50,U002
101268,3000,400000,2226476.6745022736,SA,31,U001
101269,1000,500000,4732581.853364475,SA,31,U003
101270,1000,400000,5715515.344241054,KR,50,U002
101271,3000,400000,3666648.6921803607,KR,50,U001
101272,1000,400000,4629484.3747651735,SA,40,U002
101273,1000,400001,55630929.97019662,KR,31,U001
101274,2000,500000,4981951.966933173,KR,31,U002
101275,3000,400000,6085435.494246377,KR,40,U001
101276,3000,400000,4190467.742647042,SA,40,U002
101277,3000,400001,5359054.72461778,SA,31,U002
101278,3000,500000,4054225.4159666495,SA,31,U002
101279,2000,500000,5320851.691955428,SA,50,U002
101280,2000,400001,5673798.587807827,KR,50,U002
101281,1000,400001,5483980.676423741,KR,31,U003
101282,1000,500000,4724050.139414785,KR,31,U002
101283,1000,400001,5219946.852814313,SA,50,U002
101284,1000,500000,5227593.548327596,SA,40,U002
101285,2000,500000,44262333.79491298,KR,40,U001
101286,3000,400000,4900986.441434731,SA,31,U002
101287,2000,400000,5744911.040188188,SA,31,U003
101288,1000,500000,6147684.319436846,KR,50,U002
101289,2000,500000,4745706.042636,SA,31,U001
101290,3000,500000,5037151.782353568,SA,40,U001
101291,3000,500000,4276148.17295063,KR,50,U002
101292,2000,500000,5272205.859059414,SA,50,U002
101293,2000,500000,5277310.182224635,KR,40,U002
101294,2000,400001,5046389.108026962,KR,40,U002
101295,1000,500000,5106719.723441016,SA,50,U001
101296,2000,400001,6537461.11125935,KR,31,U002
101297,2000,400001,21524974.05399375,SA,40,U001
101298,2000,500000,4602674.497632423,SA,50,U001
101299,3000,500000,4725021.057526336,SA,31,U003
101300,3000,400001,6165530.090363441,SA,31,U001
101301,1000,400001,43041848.37963892,SA,50,U002
101302,1000,500000,5399748.668910525,SA,40,U002
101303,3000,500000,6007884.9527225,SA,31,U002
101304,3000,400001,4856034.638557375,SA,40,U002
101305,3000,400001,5521861.228662586,SA,50,U003
101306,2000,400001,4575387.289477315,KR,40,U003
101307,2000,400000,33258839.51458904,KR,31,U003
101308,3000,400001,6435333.58984239,SA,50,U003
101309,2000,400000,42361803.070490435,SA,31,U001
101310,2000,500000,5515730.075899682,SA,31,U003
101311,1000,500000,4135860.2521877326,KR,50,U001
101312,3000,400001,5408282.116689511,KR,50,U002
101313,3000,500000,6422586.197497471,SA,40,U001
101314,2000,500000,4778039.945292484,SA,50,U001
101315,3000,500000,3995360.447057117,SA,40,U003
101316,1000,500000,5147180.954923289,KR,50,U002
101317,1000,400000,4171282.475831764,SA,31,U002
101318,1000,400000,3753761.042823182,KR,40,U003
101319,3000,400001,35297499.55365898,KR,50,U001
101320,3000,400001,4605921.764179198,SA,40,U003
101321,3000,400001,4210200.164359233,KR,40,U001
101322,3000,500000,6061173.4257108485,SA,40,U003
101323,3000,500000,6511688.003711579,KR,31,U003
101324,1000,400000,5494470.412965946,KR,50,U002
101325,2000,400000,5307356.393682448,SA,50,U002
101326,1000,400001,4886361.509831111,SA,40,U002
101327,3000,400000,4282933.748709549,KR,50,U003
101328,1000,400000,6282328.184858908,KR,31,U002
101329,3000,400000,4949717.202327725,KR,40,U002
101330,3000,400000,4629931.6223468,SA,31,U003
101331,1000,400000,5811805.299202562,SA,31,U002
101332,3000,400001,4941132.648095669,SA,50,U001
101333,2000,400001,5781835.394473183,SA,50,U002
101334,3000,400000,4672201.034771565,KR,40,U001
101335,2000,400001,5814109.540362938,KR,31,U002
101336,2000,500000,5783813.773553091,KR,50,U003
101337,3000,400000,6059862.737592074,KR,40,U003
101338,1000,500000,4432460.128325205,KR,40,U002
101339,2000,400001,4933568.450896808,SA,50,U001
101340,1000,400001,6558216.063148999,SA,31,U002
101341,2000,500000,4802870.336716439,KR,40,U003
101342,3000,400001,5648820.638425982,KR,50,U002
101343,3000,400000,6832452.014097538,KR,40,U003
101344,2000,500000,3520767.0433060303,KR,50,U001
101345,3000,400000,4776355.48962274,KR,40,U001
101346,2000,500000,5001496.147113501,KR,31,U003
101347,3000,400001,3560897.0725808833,KR,40,U001
101348,1000,500000,4635223.0256155655,KR,50,U003
101349,3000,500000,33783159.826853976,SA,50,U003
101350,1000,400000,5686148.374680676,KR,50,U003
101351,3000,400001,3613882.1158979214,KR,31,U002
101352,1000,400000,6511458.097584438,SA,50,U001
101353,3000,400001,5551917.930606356,SA,50,U002
101354,1000,400000,4156942.7358183693,KR,31,U002
101355,2000,500000,5821135.563897582,SA,50,U001
101356,2000,400000,5477583.738814008,SA,50,U002
101357,1000,400001,4968985.900167461,KR,31,U003
101358,3000,400001,4422834.493939307,SA,40,U002
101359,1000,500000,5438130.625605987,KR,50,U003
101360,3000,400001,5098336.292598343,KR,40,U001
101361,2000,400000,4448607.590187852,KR,31,U002
101362,3000,500000,3925395.9247230617,SA,50,U001
101363,2000,400001,4319528.783330293,SA,50,U003
101364,3000,400001,4597361.71549022,KR,31,U002
101365,3000,400000,5929989.827353179,KR,50,U003
101366,3000,400000,5688607.159805793,SA,40,U003
101367,1000,500000,4639945.97254874,KR,40,U003
101368,1000,400001,4671044.832246086,SA,31,U001
101369,2000,400000,5793081.82364136,SA,50,U001
101370,2000,500000,5213877.39954021,SA,50,U001
101371,1000,400001,5202731.80789944,SA,31,U002
101372,2000,400001,4437299.6756045455,SA,40,U003
101373,1000,500000,4901264.914361483,SA,40,U001
101374,3000,500000,5003409.33377527,KR,31,U003
101375,2000,400000,4927046.602421031,KR,50,U001
101376,2000,400001,5587254.32948469,SA,40,U003
101377,1000,400001,5612283.07153284,SA,50,U001
101378,2000,400001,4264833.7322403705,KR,40,U001
101379,2000,500000,4599828.387399298,KR,50,U001
101380,3000,400000,4450101.173423763,KR,40,U001
101381,2000,400001,6110820.612888171,KR,50,U003
101382,3000,500000,6802792.423812672,KR,31,U001
101383,1000,400001,4629102.899890471,KR,40,U001
101384,2000,400000,4866323.803554494,KR,31,U001
101385,3000,400001,5673851.864957865,KR,40,U003
101386,1000,400000,4434231.136616222,SA,40,U001
101387,2000,400000,5691926.662065981,KR,40,U003
101388,1000,400001,4983304.589550231,SA,50,U002
101389,2000,400001,3605008.2376400298,KR,40,U003
101390,1000,400000,3959653.1357026445,KR,31,U002
101391,1000,500000,37837733.96959493,KR,50,U001
101392,3000,400000,5978358.843832676,KR,50,U001
101393,1000,400001,4285972.321288818,KR,40,U003
101394,2000,400001,4572719.518953628,SA,50,U001
101395,2000,500000,5168899.381426078,KR,40,U001
101396,3000,400000,3664988.035151194,SA,31,U003
101397,2000,400000,5238842.624846118,SA,50,U001
101398,2000,400000,3765007.9311207184,KR,50,U002
101399,2000,400001,5453747.367569429,SA,31,U002
101400,1000,400000,4352977.534210084,KR,31,U001
101401,1000,500000,4246360.687828148,KR,40,U001
101402,2000,400001,5218237.299625435,KR,50,U002
101403,3000,400001,5635192.407600853,SA,31,U001
101404,1000,400000,5301007.8848457495,KR,50,U002
101405,3000,500000,5166114.799880285,SA,31,U003
101406,2000,400001,5177441.767533785,KR,50,U002
101407,2000,400001,5305857.510209329,KR,31,U001
101408,1000,400000,5358428.956838803,SA,50,U001
101409,2000,400000,4684575.159946438,SA,40,U002
101410,1000,500000,5523602.359024592,SA,50,U002
101411,2000,400000,4361447.81985504,SA,40,U001
101412,2000,500000,5873114.6108971,SA,40,U001
101413,1000,400001,5625954.919030786,SA,40,U001
101414,1000,500000,53957766.42934213,KR,50,U003
101415,1000,500000,5411078.761044456,SA,50,U003
101416,2000,500000,5727279.749238072,KR,40,U002
101417,2000,400001,3751569.369589917,KR,31,U002
101418,3000,400000,5753357.393844578,KR,50,U003
101419,1000,400001,47529318.54313129,KR,50,U003
101420,2000,400000,6203777.034710761,KR,50,U002
101421,2000,500000,5096373.081873199,SA,50,U003
101422,1000,500000,4726485.299113592,KR,40,U002
101423,3000,500000,4128388.1797787035,KR,31,U001
101424,1000,500000,4201571.230506369,KR,31,U002
101425,3000,500000,4979514.660355427,SA,31,U003
101426,2000,400000,28790796.817895476,SA,31,U003
101427,3000,400000,4385425.113534961,SA,40,U003
101428,2000,500000,40572941.12486817,SA,50,U002
101429,1000,400001,5053762.762168169,KR,50,U003
101430,1000,400001,4224484.997303336,SA,40,U002
101431,1000,500000,4012909.3516330905,KR,50,U001
101432,3000,400000,4132390.0348911867,SA,40,U001
101433,2000,400001,4823318.272956104,SA,31,U003
101434,1000,400001,6703837.714466612,SA,40,U002
101435,1000,400001,5848271.268853817,SA,50,U002
101436,2000,500000,5171355.523107393,KR,50,U003
101437,1000,400001,5443112.612274962,SA,50,U002
101438,2000,400001,5812691.899104113,KR,31,U003
101439,2000,400001,5540494.920743193,KR,40,U003
101440,2000,400001,4753432.021258194,KR,40,U001
101441,2000,400000,4323529.434742769,KR,50,U003
101442,2000,500000,4899780.66341957,KR,40,U002
101443,3000,500000,5803393.333529537,KR,50,U003
101444,1000,400000,4783687.059644607,KR,40,U001
101445,3000,400000,4116259.4966898803,SA,31,U001
101446,1000,500000,3621241.605780542,KR,31,U002
101447,3000,400001,4903175.3906574305,SA,40,U003
101448,2000,400001,4179486.2059697267,SA,31,U002
101449,1000,500000,4650787.290898986,KR,31,U002
101450,1000,400001,6164986.023082657,KR,31,U003
101451,3000,400000,4956920.231002448,SA,50,U001
101452,3000,400001,4399631.380200978,SA,40,U002
101453,1000,400001,5247001.024793495,KR,40,U002
101454,3000,400001,6536763.7336642,KR,50,U001
101455,3000,500000,4903443.001274379,SA,50,U003
101456,3000,400000,3115578.957878423,SA,31,U003
101457,2000,400001,5520061.261220784,KR,40,U003
101458,2000,500000,42217152.38993175,SA,50,U001
101459,3000,400001,5072097.884396581,SA,31,U002
101460,3000,400000,4824658.193071226,KR,40,U001
101461,2000,400001,4354182.260092175,SA,31,U002
101462,2000,400000,6211979.379147085,KR,40,U002
101463,1000,400001,3529352.532232762,KR,31,U003
101464,1000,400000,4752831.135350608,KR,40,U003
101465,2000,400001,4734127.862731301,SA,40,U003
101466,3000,400000,5682753.441917755,KR,40,U001
101467,3000,400001,5988528.516306995,SA,40,U003
101468,3000,400001,4818612.9519780055,KR,31,U001
101469,3000,500000,5154372.681814949,KR,50,U003
101470,1000,500000,5222389.451581791,SA,40,U003
101471,2000,400000,5842660.991527667,SA,40,U003
101472,3000,400001,5826184.357890452,SA,40,U001
101473,1000,400000,4569269.164400855,KR,40,U002
101474,3000,500000,5350321.121149048,SA,31,U001
101475,2000,400000,5306601.433978291,KR,50,U001
101476,1000,400000,4907272.042520105,SA,50,U001
101477,2000,500000,5299025.387225728,KR,50,U002
101478,2000,400001,5016150.20950098,KR,31,U001
101479,1000,400000,5126312.479291589,KR,50,U003
101480,1000,500000,3915194.950630001,KR,31,U002
101481,1000,400001,4265630.902345097,SA,31,U001
101482,1000,500000,5654204.407658553,SA,40,U001
101483,1000,400000,32252237.588357642,KR,31,U002
101484,1000,400001,5376087.367356555,KR,50,U001
101485,1000,400001,4934859.215179639,SA,50,U002
101486,3000,500000,5824523.783463865,SA,50,U003
101487,2000,500000,5519040.433677348,SA,40,U001
101488,1000,500000,4637376.663634532,SA,40,U001
101489,3000,400001,4821401.32170276,SA,40,U003
101490,3000,400001,3411569.7483519316,SA,31,U001
101491,3000,400000,4895681.507845817,KR,50,U001
101492,2000,400001,3983881.0059166476,SA,31,U002
101493,1000,400000,4825034.913593155,SA,31,U001
101494,3000,500000,4489665.412835305,KR,50,U003
101495,2000,500000,4298696.638488416,SA,40,U001
101496,2000,400001,5950179.609696171,SA,50,U002
101497,2000,500000,3979031.282394357,SA,31,U003
101498,3000,500000,4229547.909270524,KR,31,U003
101499,1000,400001,4441431.165287936,SA,40,U003
101500,3000,400000,4615105.552903527,KR,31,U003
101501,3000,400001,4298577.190822764,SA,31,U002
101502,1000,400000,37701449.64923973,KR,50,U002
101503,1000,400001,5241723.453455091,SA,40,U002
101504,1000,400001,5535887.006423173,SA,50,U002
101505,2000,500000,5497046.365928202,SA,50,U001
101506,1000,400001,3473437.9373351485,KR,50,U002
101507,3000,400001,5304156.7148091495,SA,31,U001
101508,1000,400000,5353518.794170502,SA,31,U003
101509,3000,500000,4470080.685031059,KR,40,U001
101510,2000,400000,6334147.365045711,KR,31,U001
101511,3000,400000,5870132.985451669,KR,40,U001
101512,3000,500000,4853580.493487164,SA,50,U002
101513,1000,500000,4523225.355785414,KR,50,U002
101514,1000,500000,6321155.5687543675,SA,31,U003
101515,3000,400001,4984789.009712436,KR,31,U002
101516,1000,500000,5068029.646128326,KR,40,U001
101517,2000,500000,5057965.277700679,SA,31,U002
101518,2000,500000,6842483.5769727845,SA,31,U002
101519,1000,400000,4826787.788714369,SA,31,U001
101520,2000,400000,4981086.418560946,SA,50,U003
101521,1000,400001,4335149.869600913,KR,31,U002
101522,3000,400000,4688400.446189089,KR,31,U003
101523,3000,400001,4174886.2445708015,KR,50,U001
101524,2000,400000,4351413.397573503,SA,50,U002
101525,1000,500000,3552038.6737538157,SA,50,U003
101526,1000,400000,5705219.656783015,KR,50,U003
101527,2000,400001,5125397.07006873,KR,31,U001
101528,3000,400000,5191287.4338246565,SA,31,U002
101529,2000,500000,4958049.354773705,KR,31,U003
101530,3000,400001,5057412.814013874,KR,40,U003
101531,1000,500000,6295311.257000349,KR,50,U003
101532,3000,500000,4384981.766532208,SA,31,U003
101533,2000,400001,5222685.438623346,KR,31,U003
101534,1000,500000,5218392.914260007,SA,31,U003
101535,2000,500000,5913591.382716606,KR,50,U003
101536,2000,400000,42807390.800344005,SA,50,U003
101537,3000,500000,5391135.075861881,KR,50,U003
101538,2000,500000,3993384.343568115,KR,31,U003
101539,3000,500000,4352878.118636015,KR,50,U002
101540,1000,500000,4066489.2767491257,SA,31,U001
101541,3000,400001,3019302.5620095558,KR,40,U001
101542,1000,400000,5317759.46888611,KR,50,U001
101543,3000,500000,4790696.92807359,SA,50,U003
101544,2000,500000,42554058.80691003,SA,31,U001
101545,3000,400001,5028391.424428401,KR,50,U003
101546,3000,500000,5192349.0521628875,KR,50,U002
101547,1000,400001,6070492.329417362,KR,31,U001
101548,2000,400000,5005836.071420763,KR,31,U002
101549,3000,400000,5535191.374483061,KR,31,U002
101550,2000,500000,4758205.051172739,SA,40,U003
101551,3000,500000,5659830.496009807,KR,31,U001
101552,3000,500000,4008289.8762241756,SA,50,U002
101553,2000,400001,3529955.0388000375,SA,40,U001
101554,3000,500000,6685328.377331549,KR,31,U002
101555,2000,500000,6469043.321850595,SA,40,U002
101556,3000,400000,3443588.402842897,KR,40,U003
101557,1000,500000,4971109.339218978,SA,50,U001
101558,2000,400000,5119933.074462914,SA,40,U003
101559,3000,500000,5578377.265574711,KR,31,U003
101560,3000,400000,6391367.117240987,KR,40,U003
101561,1000,500000,4150871.7983847056,SA,40,U003
101562,2000,400000,4193854.5395876416,KR,50,U003
101563,3000,400001,4999063.059047028,KR,50,U002
101564,1000,400000,4229137.572891623,SA,31,U001
101565,3000,400000,2828690.5771916215,SA,50,U001
101566,2000,400000,4818207.948180088,SA,31,U003
101567,3000,500000,5686035.125725352,KR,31,U001
101568,3000,500000,4983626.091569078,KR,50,U002
101569,3000,500000,5499236.207319842,KR,40,U003
101570,3000,400001,5384804.963163402,SA,50,U002
101571,1000,400001,4178411.4996864256,KR,40,U002
101572,1000,400000,5054417.235503244,SA,40,U003
101573,2000,400001,3779871.4807687923,SA,31,U002
101574,1000,400000,4590471.470811836,SA,31,U003
101575,1000,400000,5040362.547561546,SA,50,U002
101576,2000,400000,39992622.93575633,SA,40,U001
101577,1000,400001,3967252.0985515434,SA,50,U001
101578,1000,500000,4128803.6110355575,SA,31,U001
101579,2000,400001,5232767.703726317,KR,40,U003
101580,2000,400000,5661914.748242641,SA,50,U002
101581,2000,400000,4834426.0052080825,KR,50,U002
101582,3000,400001,4794378.656597423,KR,31,U001
101583,3000,400000,5745020.800002337,KR,31,U001
101584,2000,400000,4382347.108778189,KR,31,U003
101585,2000,400001,6381623.652883293,KR,31,U003
101586,2000,400001,3923781.836280201,SA,50,U002
101587,3000,400001,5838797.065191035,KR,31,U003
101588,3000,400000,5431334.275322446,KR,31,U003
101589,1000,400000,6928096.417916154,KR,50,U003
101590,1000,500000,4103064.5436943136,SA,50,U001
101591,2000,500000,3132781.7131192232,KR,40,U001
101592,3000,400001,47996456.750690505,KR,50,U002
101593,3000,500000,3822933.1941441726,KR,40,U003
101594,3000,400000,43940969.549683765,KR,31,U001
101595,2000,500000,5945720.864501806,SA,40,U003
101596,1000,400000,5303808.6117742015,KR,40,U002
101597,2000,400001,5185744.709201755,SA,31,U003
101598,1000,400001,5320752.027845556,SA,31,U002
101599,1000,400000,5669937.514697076,KR,31,U002
101600,2000,500000,5469654.787810414,KR,40,U001
101601,1000,400001,32213863.636536606,SA,50,U003
101602,1000,400001,6459999.777479347,KR,50,U001
101603,3000,500000,5040886.427901521,KR,50,U003
101604,1000,500000,5414673.269183604,KR,31,U003
101605,2000,400000,5568791.21402149,SA,31,U002
101606,2000,500000,5924742.241505029,SA,50,U002
101607,1000,500000,5841685.457979709,KR,31,U003
101608,3000,500000,5105389.461157993,KR,40,U001
101609,3000,400000,5053973.187667833,SA,40,U002
101610,1000,400000,5326888.7863751175,SA,31,U002
101611,1000,400001,47040390.438102186,SA,50,U003
101612,2000,400000,4109902.6521336925,SA,50,U003
101613,1000,400001,5515276.337793568,SA,40,U002
101614,3000,500000,4290941.916003201,SA,31,U001
101615,1000,400001,6480970.820001177,SA,50,U002
101616,2000,400001,5293851.334387582,KR,50,U003
101617,2000,500000,4667177.940279306,SA,31,U002
101618,2000,400001,5342973.281335116,SA,31,U003
101619,2000,400000,5007361.326149163,KR,50,U002
101620,2000,400000,4871850.430134058,KR,31,U003
101621,1000,400000,3552619.794873799,KR,31,U003
101622,1000,400000,4180645.597457828,SA,31,U001
101623,1000,400001,4887637.520413988,SA,50,U003
101624,1000,400001,3649316.688255678,KR,40,U002
101625,2000,500000,4530258.962113904,KR,31,U003
101626,3000,400001,4600100.18977038,KR,50,U002
101627,1000,400001,4376445.898609655,SA,40,U001
101628,3000,400001,5617883.850931712,KR,50,U002
101629,1000,500000,4295864.545121489,SA,50,U001
101630,1000,400000,5070727.049661251,SA,50,U001
101631,3000,400001,4717468.83280754,SA,40,U003
101632,2000,500000,4904962.189494292,SA,50,U001
101633,1000,500000,6285120.602120905,KR,40,U002
101634,1000,500000,5143749.08146654,KR,31,U001
101635,1000,400000,5298426.313221031,KR,40,U001
101636,3000,400001,4387666.330229546,SA,50,U003
101637,2000,500000,5500919.74183651,KR,40,U002
101638,3000,400000,5467175.9254782675,SA,50,U001
101639,3000,500000,5390086.933630969,SA,31,U003
101640,2000,500000,4032658.5456938786,SA,40,U003
101641,3000,500000,4531802.225625525,KR,31,U002
101642,2000,500000,6146864.050854633,SA,40,U003
101643,1000,500000,4449804.427450185,SA,50,U001
101644,2000,400000,6255990.420603705,KR,40,U003
101645,1000,400001,4562882.738359675,KR,31,U002
101646,3000,400001,5118572.923242258,KR,40,U002
101647,3000,400001,4850264.612594029,SA,31,U003
101648,1000,400001,4324155.7742546685,SA,31,U001
101649,3000,400000,4335672.816344253,KR,50,U003
101650,2000,400000,4436605.594808212,SA,40,U002
101651,1000,400000,5118451.42515966,SA,31,U003
101652,3000,500000,5712334.019196216,KR,50,U003
101653,1000,500000,5066525.322171196,KR,50,U001
101654,2000,500000,4973297.410763561,KR,50,U003
101655,2000,400001,5968302.444273837,KR,31,U001
101656,3000,500000,5033070.54157305,KR,40,U003
101657,2000,400001,4565709.115910922,KR,31,U003
101658,1000,500000,4201807.13709056,KR,50,U001
101659,2000,400001,6016357.8269268945,KR,31,U001
101660,1000,500000,4736481.991870157,SA,31,U002
101661,1000,500000,4537140.964500905,SA,50,U001
101662,2000,400000,4467965.421141819,SA,40,U003
101663,3000,500000,5971352.444390182,SA,50,U002
101664,2000,500000,4541620.80538542,SA,50,U001
101665,1000,400000,5792370.206140075,SA,31,U001
101666,1000,400001,4815673.671672424,SA,50,U002
101667,2000,400000,4033295.7351784613,SA,31,U003
101668,3000,400000,4734006.644944079,SA,50,U003
101669,3000,400001,4973765.492441648,SA,50,U002
101670,1000,500000,4907863.36578292,SA,40,U003
101671,1000,400001,4888013.037699092,KR,50,U001
101672,3000,500000,4742444.045462545,SA,40,U003
101673,2000,500000,4371992.032237897,KR,50,U001
101674,1000,400001,5008590.051019355,SA,50,U003
101675,1000,400000,5432758.736582341,KR,50,U001
101676,3000,400001,3829923.39152023,SA,40,U002
101677,2000,500000,6039249.774441766,KR,31,U001
101678,3000,400001,2042702.4754485297,SA,40,U003
101679,2000,400001,5060198.859813079,KR,50,U001
101680,2000,500000,5372869.5483787395,SA,31,U003
101681,2000,400000,4517317.7520839805,KR,50,U003
101682,1000,400001,26394657.465788282,SA,40,U001
101683,3000,500000,4922620.719926362,KR,40,U003
101684,3000,500000,5135756.739682747,KR,31,U002
101685,2000,400001,32648200.098712325,KR,40,U003
101686,1000,400000,4335893.271535632,KR,50,U002
101687,1000,400001,5770169.676851027,KR,31,U002
101688,3000,400000,5094145.407761421,KR,50,U003
101689,1000,400000,3793058.4085898874,KR,31,U002
101690,1000,400000,5359863.934204105,KR,31,U002
101691,2000,400000,34044679.475338444,SA,50,U001
101692,1000,400001,4380190.053738682,SA,40,U002
101693,2000,500000,5158125.914144638,SA,50,U002
101694,3000,500000,40668736.17676246,KR,40,U002
101695,1000,500000,4677914.767072935,KR,40,U002
101696,3000,500000,4596632.500334517,SA,50,U002
101697,3000,500000,4799360.769020044,SA,31,U003
101698,1000,500000,4375525.205541894,KR,50,U002
101699,1000,400001,5871209.801422033,KR,31,U003
101700,3000,400000,3744645.040793227,SA,40,U003
101701,1000,500000,4807297.12434134,KR,31,U003
101702,2000,400001,3832475.941297161,SA,50,U001
101703,2000,500000,5748801.397822818,KR,31,U001
101704,1000,500000,4806151.73281042,SA,40,U003
101705,3000,400000,4154665.12569511,SA,40,U001
101706,1000,400000,5548038.101009348,KR,31,U002
101707,1000,400000,3166455.458608848,SA,40,U003
101708,3000,500000,41797657.76088952,KR,40,U003
101709,3000,500000,5921031.350830197,KR,31,U003
101710,2000,500000,5143634.846290223,KR,40,U001
101711,3000,400000,4594791.642572734,KR,31,U001
101712,2000,400001,4006254.430552502,KR,31,U001
101713,3000,500000,5866011.708338006,SA,40,U002
101714,1000,500000,5741937.486113841,KR,31,U001
101715,2000,500000,4483710.535287183,KR,40,U003
101716,2000,400001,4505089.989112378,SA,40,U001
101717,2000,500000,5949413.680181321,KR,40,U001
101718,1000,400001,5425290.517430835,SA,50,U001
101719,1000,500000,3570732.5282314033,KR,40,U001
101720,1000,400001,4843438.076237606,SA,31,U003
101721,1000,500000,4813954.841777735,KR,31,U001
101722,1000,400000,41584860.62482947,KR,31,U003
101723,2000,400000,5004836.812748244,KR,50,U001
101724,1000,400000,4589831.070582225,KR,50,U002
101725,2000,400000,5142687.721887902,KR,31,U002
101726,1000,500000,4641777.869722624,SA,31,U003
101727,3000,400000,7731349.620784047,SA,50,U003
101728,2000,400001,5098182.320810829,KR,31,U002
101729,3000,400000,4988240.424696798,SA,40,U002
101730,2000,400000,6474246.04664925,KR,40,U001
101731,3000,400000,3908525.285244557,KR,31,U002
101732,1000,500000,4912021.700733215,KR,40,U003
101733,1000,400000,4240317.530396582,SA,31,U003
101734,1000,400001,5508008.045208071,KR,50,U002
101735,2000,400000,4604520.414257494,SA,31,U003
101736,3000,400000,5464074.988159798,KR,50,U001
101737,1000,400000,5406440.798747634,KR,40,U001
101738,3000,400001,5624297.809592059,SA,40,U002
101739,3000,400000,5419615.034017565,KR,40,U003
101740,1000,400001,4820768.484915987,SA,31,U002
101741,1000,400001,3881877.834584811,KR,50,U003
101742,3000,400000,5807267.952810611,KR,50,U003
101743,1000,400001,6127221.939732125,KR,40,U003
101744,1000,500000,4249705.350966716,SA,40,U001
101745,1000,400000,5588701.88929015,KR,50,U003
101746,2000,400000,4063709.8019315307,SA,31,U001
101747,3000,400001,5162745.739809518,KR,40,U003
101748,3000,400001,5327536.388966665,KR,31,U002
101749,2000,400000,4659024.18095626,SA,40,U001
101750,3000,500000,5076057.149514461,KR,40,U001
101751,1000,400001,5678562.537197772,KR,31,U001
101752,3000,400001,4912466.795799191,SA,31,U002
101753,1000,500000,4459889.996351842,SA,31,U001
101754,2000,500000,4020976.629782129,SA,31,U002
101755,1000,400000,4687388.506996472,KR,50,U003
101756,3000,500000,4060222.735032729,SA,50,U003
101757,3000,400000,4698092.782688448,SA,40,U002
101758,3000,500000,4627806.029256329,KR,40,U001
101759,2000,400001,5643283.975970017,SA,40,U001
101760,2000,400000,5058780.012968249,SA,50,U002
101761,3000,400000,7037807.751773753,KR,31,U003
101762,1000,400000,3389128.6107938923,SA,40,U002
101763,2000,500000,5250697.1453750245,KR,50,U001
101764,3000,400001,4638754.971600391,SA,40,U001
101765,3000,400000,4235167.503612443,SA,50,U001
101766,2000,400000,4976184.404339064,KR,31,U001
101767,2000,400000,4916306.4541112315,SA,50,U003
101768,2000,400000,5862250.253876826,KR,31,U003
101769,1000,400001,5073006.757442402,SA,40,U003
101770,1000,500000,4445758.729824985,SA,31,U001
101771,3000,400001,5267368.450960256,KR,50,U001
101772,2000,400000,4816278.749030786,KR,40,U001
101773,1000,400001,4099617.1639034348,SA,40,U002
101774,2000,400000,4801163.704389779,SA,50,U001
101775,3000,500000,5184753.661925351,SA,31,U003
101776,1000,500000,5057825.944185717,KR,50,U003
101777,1000,500000,5264250.443705506,KR,31,U003
101778,1000,400000,4578811.832794247,SA,31,U002
101779,3000,400001,5254089.569147155,SA,40,U003
101780,2000,500000,40768741.20203146,SA,31,U002
101781,1000,400000,5102583.507018834,KR,40,U002
101782,3000,400000,5025885.242261349,SA,50,U002
101783,2000,400001,6740874.568188772,KR,50,U001
101784,3000,500000,5888100.995040055,KR,40,U001
101785,2000,400000,5236313.405542906,SA,40,U003
101786,3000,400001,4359834.178521426,KR,31,U003
101787,2000,500000,4766134.000194829,KR,40,U002
101788,1000,400001,6292630.520918671,SA,50,U001
101789,2000,400001,4549650.029733197,SA,40,U003
101790,3000,400000,4867416.293491628,SA,40,U003
101791,3000,400000,4822877.339508473,SA,40,U001
101792,2000,400000,5294309.821726813,SA,31,U002
101793,1000,400001,4650682.818171655,SA,40,U003
101794,1000,400000,5141486.406518605,SA,31,U003
101795,2000,400001,4668546.4842787,KR,31,U001
101796,2000,400001,6051608.559625385,SA,40,U001
101797,3000,400000,4450977.900452806,SA,31,U002
101798,1000,500000,5782115.875830749,SA,40,U002
101799,2000,500000,4531891.314941067,SA,50,U003
101800,1000,500000,4317002.937695406,SA,50,U002
101801,2000,400001,4439365.802808062,SA,31,U003
101802,2000,400001,3630851.4183721966,KR,50,U003
101803,1000,400001,5350878.757107445,SA,40,U001
101804,2000,400000,4068819.1123815165,KR,31,U003
101805,2000,400001,4713664.377925915,SA,40,U001
101806,3000,400000,5609297.278079011,KR,31,U003
101807,2000,400000,5583482.143795707,KR,31,U003
101808,2000,500000,3854672.8672021874,KR,31,U003
101809,2000,500000,5248434.86394475,SA,31,U002
101810,3000,500000,5912395.185846604,SA,50,U002
101811,1000,400000,4490525.671848109,SA,50,U001
101812,3000,400000,5410858.662401463,SA,50,U003
101813,3000,400000,4085376.3153643687,SA,31,U001
101814,1000,400001,5308525.562589592,SA,50,U001
101815,3000,400000,5105017.089063726,KR,31,U003
101816,1000,500000,5528917.564660362,KR,50,U002
101817,3000,500000,5479316.8695109645,KR,31,U002
101818,1000,400000,3917213.112359078,SA,50,U001
101819,2000,400000,5109242.592595354,SA,50,U002
101820,3000,500000,49298647.32335278,KR,50,U003
101821,3000,400000,3251752.9425740563,SA,31,U003
101822,3000,500000,5773540.891089653,SA,31,U002
101823,3000,400001,6281364.0797032695,SA,50,U002
101824,2000,500000,3812291.583612159,KR,31,U001
101825,3000,400001,4463440.743082017,KR,40,U002
101826,2000,400000,5414194.657560426,SA,50,U001
101827,2000,400000,4291099.907349087,KR,50,U003
101828,2000,400001,6091663.34691629,KR,40,U003
101829,2000,400000,46776936.100838855,SA,31,U003
101830,1000,400001,3892029.4083655053,SA,31,U002
101831,1000,400000,4405553.52005519,KR,31,U002
101832,3000,500000,5615869.457468017,KR,50,U002
101833,1000,400000,5584527.522197862,SA,50,U001
101834,1000,500000,6774752.028242431,SA,50,U001
101835,3000,500000,4296094.235640415,SA,50,U001
101836,3000,400001,6167374.271577593,KR,50,U003
101837,3000,400000,34150950.75351316,KR,31,U001
101838,1000,400001,5400256.745964698,SA,40,U002
101839,1000,400000,5713873.953247587,SA,31,U002
101840,3000,500000,2604879.9257068536,SA,31,U003
101841,2000,500000,5728965.038466226,SA,50,U002
101842,3000,400000,6107655.752839509,KR,40,U002
101843,2000,400000,5876705.402778993,SA,40,U002
101844,2000,400001,6642671.048062142,SA,31,U001
101845,3000,400000,5772141.826804712,KR,40,U001
101846,3000,400000,4570235.918917988,SA,31,U002
101847,3000,400000,5991208.907532223,KR,31,U002
101848,1000,400001,4524826.975555668,KR,31,U002
101849,2000,400000,5065934.339956783,KR,31,U002
101850,1000,500000,5665426.618720989,SA,50,U001
101851,1000,400001,5358464.659317368,KR,40,U003
101852,3000,400001,6080905.593480131,SA,50,U002
101853,1000,500000,6990939.756671015,KR,50,U001
101854,3000,500000,4090108.84643888,KR,50,U002
101855,2000,500000,4737331.10495225,KR,31,U003
101856,3000,400000,5253102.690049848,SA,31,U001
101857,1000,500000,4629447.245354607,SA,50,U001
101858,1000,400000,4939434.985201681,KR,50,U003
101859,3000,400001,5620655.685020055,SA,40,U003
101860,3000,400001,5514326.665093414,KR,50,U001
101861,1000,500000,5197866.184244707,KR,31,U003
101862,2000,400000,5118184.402611384,KR,50,U002
101863,2000,500000,4820903.892405107,KR,40,U003
101864,3000,500000,6123618.271558175,SA,40,U003
101865,2000,400000,6330711.0692743985,KR,50,U001
101866,1000,500000,5815051.202886776,SA,40,U003
101867,3000,400001,4080498.7297072364,KR,40,U001
101868,1000,500000,4790231.655972423,KR,31,U002
101869,1000,400000,5159732.7678183075,KR,40,U003
101870,2000,400000,4247444.377662212,KR,40,U003
101871,3000,400001,5063266.963783142,KR,50,U001
101872,3000,400000,5017777.434027394,SA,31,U001
101873,2000,400000,5867310.539669785,SA,40,U003
101874,1000,400001,4601367.648257094,KR,50,U001
101875,1000,500000,5930642.310618956,SA,50,U003
101876,1000,400001,4234105.571064491,SA,50,U002
101877,1000,500000,4345728.641870917,KR,50,U003
101878,3000,400001,4696510.15381441,KR,50,U002
101879,3000,500000,5038297.509331847,KR,50,U002
101880,2000,400001,3066790.0788779217,KR,40,U001
101881,2000,500000,5367438.052328751,SA,31,U001
101882,3000,400001,6367474.025396601,SA,31,U001
101883,3000,500000,5521015.654381882,SA,50,U001
101884,1000,400001,4831464.05855587,SA,50,U003
101885,1000,400000,4132327.134184326,KR,31,U002
101886,2000,500000,3549582.211400789,KR,40,U003
101887,3000,400001,3685581.100227746,KR,50,U002
101888,2000,500000,4895328.099994498,KR,31,U002
101889,3000,500000,6685528.014761015,SA,31,U002
101890,1000,400001,2826341.2874948746,SA,50,U003
101891,2000,500000,5560174.31138805,KR,31,U001
101892,2000,400001,4457827.670091247,SA,40,U003
101893,3000,400000,4731604.032777325,SA,31,U002
101894,1000,500000,4249840.890764791,KR,50,U003
101895,2000,400000,31248391.734483812,SA,50,U002
101896,1000,500000,5100509.790937857,KR,31,U001
101897,2000,500000,5210242.789175735,SA,31,U001
101898,1000,500000,5534672.046975432,SA,50,U003
101899,3000,400001,3651805.0351134473,KR,40,U001
101900,2000,400000,5699177.86678247,KR,31,U002
101901,2000,500000,5713446.043404147,KR,40,U002
101902,1000,400001,5339594.949145177,SA,40,U001
101903,1000,500000,37305845.65076185,KR,50,U001
101904,2000,400001,5246744.693751155,SA,50,U001
101905,3000,500000,4871640.754551742,KR,50,U003
101906,1000,400000,5774813.063988005,SA,40,U003
101907,1000,400000,4706764.561658573,KR,50,U002
101908,1000,500000,5086419.544061335,KR,50,U003
101909,2000,400001,3609342.396023087,SA,40,U003
101910,2000,500000,5244239.831352177,SA,40,U002
101911,2000,400001,4400356.439276211,KR,40,U002
101912,2000,500000,5409972.973888455,SA,40,U001
101913,3000,400001,5630739.916198268,KR,31,U001
101914,3000,400000,4512021.646324278,SA,50,U003
101915,2000,500000,5024950.6419741735,SA,31,U002
101916,3000,400000,5139595.929082606,KR,40,U003
101917,1000,400000,5294450.985546657,KR,40,U003
101918,1000,500000,5631886.260515133,SA,40,U002
101919,1000,500000,5527208.94109077,SA,40,U002
101920,2000,400001,4696087.754201494,SA,40,U002
101921,1000,400001,6278657.543323283,SA,50,U002
101922,3000,400000,5601589.980896641,KR,31,U003
101923,2000,400001,6124115.513801621,KR,31,U003
101924,3000,400001,5277365.378697535,SA,50,U003
101925,1000,500000,5324644.364222832,KR,50,U002
101926,1000,400001,4906247.158876365,SA,50,U001
101927,1000,400000,4644980.4172498435,SA,31,U003
101928,2000,400001,5780270.544883495,SA,31,U001
101929,3000,400000,41693379.99732106,KR,40,U001
101930,2000,500000,4894748.923589284,SA,31,U001
101931,2000,400000,4181900.011302878,KR,31,U002
101932,1000,400001,6244092.430166495,KR,50,U002
101933,2000,500000,5090100.347706056,SA,31,U003
101934,2000,400001,4018621.9382251594,KR,40,U003
101935,1000,500000,5065137.972659619,SA,31,U002
101936,2000,500000,38714109.198076405,SA,50,U002
101937,1000,400001,4806442.879883882,KR,50,U001
101938,1000,400001,5461007.841577092,SA,40,U002
101939,1000,500000,4840368.382855811,KR,40,U002
101940,1000,500000,4755600.758335606,KR,31,U002
101941,2000,400001,6089923.789551087,KR,40,U002
101942,1000,400000,3608346.419790415,SA,40,U001
101943,1000,400001,4958894.153684579,KR,50,U003
101944,2000,500000,5743081.48852705,SA,50,U001
101945,2000,400001,5501545.959113973,SA,31,U002
101946,3000,400000,5816038.874621294,KR,31,U002
101947,2000,400001,6617257.503907203,KR,31,U003
101948,2000,500000,6359161.395113593,SA,31,U003
101949,3000,400001,4075572.2288937,KR,50,U003
101950,2000,500000,3711437.267114003,KR,31,U001
101951,2000,500000,5261481.925358812,KR,31,U003
101952,2000,400001,3916705.8547539036,SA,40,U002
101953,2000,500000,3458824.543843939,KR,31,U002
101954,3000,500000,5252994.286289269,SA,40,U002
101955,2000,400000,5453636.260388187,SA,50,U001
101956,2000,400000,6368912.516439211,KR,31,U003
101957,3000,400000,5614744.855992339,KR,40,U003
101958,1000,400000,6535648.068775715,SA,31,U003
101959,3000,500000,5284443.348268783,SA,40,U003
101960,1000,400001,4090983.809056514,KR,31,U002
101961,3000,500000,5657749.644937299,SA,50,U001
101962,3000,500000,6067450.479615857,KR,50,U003
101963,2000,500000,5312867.518329257,SA,40,U002
101964,1000,400001,6160440.372284592,KR,40,U002
101965,2000,400000,4901399.429571059,SA,50,U001
101966,1000,500000,5436719.293692259,KR,31,U003
101967,3000,500000,4860534.334926505,KR,40,U001
101968,3000,400000,6903234.8731176825,SA,50,U003
101969,1000,500000,5673008.54906177,KR,40,U001
101970,2000,400001,4106635.8953190343,SA,50,U003
101971,2000,500000,6482077.974779695,SA,50,U003
101972,2000,500000,4413456.193314089,SA,40,U001
101973,2000,400000,5010956.7676532315,SA,40,U003
101974,3000,500000,5374640.636660528,KR,50,U001
101975,3000,500000,5439993.579874923,SA,31,U001
101976,3000,400001,5386977.778790719,SA,50,U003
101977,3000,400000,4093563.595728437,SA,31,U003
101978,3000,400000,5389627.708129688,KR,31,U001
101979,2000,400001,5880516.749708562,SA,31,U002
101980,2000,500000,5857491.223995326,KR,40,U001
101981,2000,400000,3958549.92523837,KR,50,U002
101982,2000,400000,4475477.6948151775,SA,50,U002
101983,3000,500000,4164382.683039296,KR,31,U001
101984,3000,500000,5271850.39360036,SA,31,U001
101985,3000,400000,3758681.774041951,KR,31,U001
101986,1000,500000,4101805.7821748257,KR,50,U002
101987,2000,400000,4467892.008279015,SA,31,U001
101988,2000,500000,3562567.910215422,KR,50,U001
101989,3000,500000,4977760.716912722,SA,50,U003
101990,2000,400001,3314803.808793524,KR,40,U003
101991,2000,500000,5388275.815634826,SA,31,U003
101992,3000,400001,4682382.689064901,SA,31,U001
101993,1000,500000,4500813.434210846,SA,31,U001
101994,1000,400000,4631401.102744593,SA,40,U001
101995,1000,400000,4951691.126163695,KR,31,U002
101996,3000,500000,5474292.946194493,SA,50,U002
101997,2000,500000,6053677.818877694,SA,31,U003
101998,3000,400000,46488997.21737571,SA,50,U002
101999,3000,500000,6785350.658221293,SA,50,U002
102000,2000,400001,44321902.14001568,KR,50,U002
102001,1000,400001,5112252.081899147,SA,50,U003
102002,1000,400001,4634374.544534696,KR,31,U003
102003,3000,400001,4660960.834445975,SA,40,U002
102004,1000,400001,5431230.421252737,SA,40,U001
102005,3000,500000,4200444.6865774365,SA,50,U003
102006,3000,500000,5183180.911353549,SA,31,U002
102007,2000,400001,4984908.083356893,SA,40,U001
102008,2000,500000,4417522.35479817,SA,31,U001
102009,2000,500000,4159047.7656270545,KR,40,U003
102010,3000,400001,7019774.001385473,KR,50,U001
102011,2000,500000,3882743.067025367,SA,50,U003
102012,1000,500000,4945793.148522708,SA,50,U002
102013,1000,500000,5978067.046525765,SA,40,U003
102014,3000,400001,5423245.491942623,KR,31,U001
102015,3000,500000,4621171.555235472,SA,50,U003
102016,2000,400000,4046282.2915637298,KR,31,U003
102017,3000,400000,5103829.154607619,KR,31,U002
102018,3000,400001,2888387.8006920954,KR,50,U001
102019,1000,400000,5135893.648316694,KR,40,U003
102020,1000,400001,5027861.269515632,KR,50,U002
102021,2000,400000,5856097.54282128,SA,50,U002
102022,3000,400000,4085328.205532454,KR,40,U002
102023,3000,400000,4741222.880123147,KR,31,U002
102024,1000,400001,5349521.317470014,SA,40,U002
102025,3000,400001,5164454.206962849,SA,40,U003
102026,1000,500000,3925882.8024716647,KR,50,U003
102027,2000,400001,4481998.615692894,SA,40,U001
102028,1000,400000,48959433.98548092,SA,40,U003
102029,3000,400000,5207461.108232892,SA,40,U001
102030,2000,400001,3668707.0816182164,KR,31,U001
102031,1000,400001,5706585.717341869,KR,31,U001
102032,1000,400001,3720588.219157776,SA,50,U003
102033,2000,500000,4754383.601909799,SA,50,U002
102034,2000,400000,5450621.243661182,KR,31,U001
102035,1000,500000,5970964.704014989,KR,40,U002
102036,3000,500000,3129660.6098713605,SA,50,U001
102037,1000,400000,5569272.085976558,KR,50,U003
102038,2000,400000,5689379.712040373,KR,40,U001
102039,1000,400001,4554387.625473496,SA,40,U003
102040,2000,400001,5072727.27154748,SA,40,U002
102041,2000,500000,2558422.6181269246,KR,40,U003
102042,3000,400001,2801615.7481536707,KR,40,U002
102043,2000,400001,5886826.176006604,KR,31,U003
102044,2000,400000,4568883.816811224,SA,40,U001
102045,3000,400000,4723030.214798288,SA,50,U001
102046,2000,400001,5187741.122955221,SA,31,U003
102047,3000,400000,4707254.231378502,SA,50,U002
102048,3000,400001,4633046.293170441,KR,40,U002
102049,2000,400000,5315591.249528039,SA,50,U002
102050,2000,400000,3803570.9938564897,SA,40,U003
102051,1000,400000,5927934.121488474,KR,50,U003
102052,3000,400000,4815799.980100517,SA,50,U003
102053,1000,400001,4195473.199407302,KR,40,U003
102054,2000,500000,4087832.2523821346,SA,50,U002
102055,1000,400000,5034121.509164259,KR,31,U002
102056,3000,400001,4754913.832177298,KR,50,U003
102057,1000,400001,3760927.9403849924,KR,31,U003
102058,3000,400000,4518531.915697491,SA,31,U002
102059,2000,500000,4352640.797693747,KR,50,U002
102060,2000,400000,6009485.229216696,SA,31,U001
102061,3000,400001,5104361.931977394,SA,31,U003
102062,2000,500000,6255471.542696446,SA,50,U001
102063,2000,400001,4432020.6205061935,SA,40,U002
102064,2000,400000,4767094.489004776,SA,40,U002
102065,2000,500000,5309242.5801885715,SA,31,U003
102066,3000,400001,5483306.088459227,KR,31,U001
102067,1000,400001,5576792.857962373,KR,40,U002
102068,1000,400001,4289752.3580532195,SA,31,U001
102069,2000,400000,4312256.690407524,SA,40,U001
102070,1000,500000,4715663.782810259,SA,50,U001
102071,1000,400000,6184725.491268478,SA,31,U001
102072,2000,400000,4199453.453254771,SA,50,U001
102073,2000,400000,4578459.995074676,KR,40,U003
102074,1000,500000,5583886.33153855,KR,40,U003
102075,3000,400000,5541083.411799056,SA,50,U001
102076,2000,400000,5444334.694254336,SA,31,U003
102077,3000,400000,5064674.864623441,KR,50,U002
102078,1000,400000,4147893.102760211,SA,50,U001
102079,2000,400001,4447379.256878291,SA,31,U003
102080,3000,400000,5901192.140743161,SA,40,U003
102081,2000,400001,5618909.866604594,KR,50,U002
102082,1000,400000,3932012.073779627,KR,50,U002
102083,3000,500000,5695566.103763858,SA,40,U002
102084,1000,400001,6047022.7510114685,KR,50,U002
102085,1000,400001,5043064.630970937,KR,40,U001
102086,2000,400001,5341024.944543686,SA,31,U003
102087,3000,400001,5809188.1484609675,KR,40,U003
102088,1000,500000,4443426.883070079,KR,40,U002
102089,1000,400000,6863678.243697184,KR,50,U003
102090,3000,400001,5978462.382917226,KR,40,U003
102091,1000,500000,5419222.51776277,KR,40,U003
102092,1000,400001,4972393.724652231,KR,50,U002
102093,3000,400000,5395821.955690998,SA,40,U003
102094,3000,400001,3751774.001068444,SA,50,U003
102095,3000,500000,6665670.214327695,SA,31,U003
102096,3000,400000,5903113.25875388,KR,40,U001
102097,2000,500000,6171210.877441805,SA,31,U001
102098,3000,400000,5024605.730946954,KR,40,U003
102099,2000,400000,4711768.643136297,KR,40,U003
102100,2000,400000,4460554.23731978,SA,31,U003
102101,2000,400001,5650859.687077445,KR,31,U003
102102,1000,500000,4589962.336274983,SA,50,U003
102103,2000,500000,4850114.453452234,KR,50,U003
102104,2000,500000,5437119.3013402,SA,31,U001
102105,1000,400000,4472537.346530929,SA,40,U002
102106,1000,400001,5835157.411186552,SA,50,U003
102107,1000,400000,4985807.137688116,SA,40,U003
102108,3000,500000,3793504.5453632222,KR,50,U003
102109,1000,400001,4463997.856985338,SA,50,U002
102110,1000,400001,6046548.359976212,KR,50,U003
102111,2000,400001,34003183.914480746,SA,31,U003
102112,1000,500000,5715261.989790095,SA,40,U002
102113,3000,400001,5097338.749355658,SA,31,U003
102114,1000,400001,4862639.758616709,KR,50,U002
102115,3000,400000,7010075.320626619,SA,31,U002
102116,1000,400000,3972627.0056562764,SA,31,U003
102117,1000,400001,4407893.116008174,KR,31,U001
102118,1000,400001,4981255.944813274,SA,40,U001
102119,1000,400000,6932599.513640067,KR,31,U003
102120,3000,400000,4983119.058566154,SA,31,U002
102121,3000,400000,5219402.350844362,SA,31,U002
102122,2000,500000,4731331.600330692,SA,31,U002
102123,3000,500000,5286902.862849522,KR,31,U003
102124,1000,400000,4780946.074690831,SA,31,U001
102125,2000,400001,5556258.083546604,SA,31,U002
102126,2000,400000,5619349.861188396,SA,50,U002
102127,2000,500000,4812715.869737441,KR,31,U003
102128,1000,400001,4099615.9695231486,KR,31,U001
102129,3000,500000,5074855.877620589,KR,40,U001
102130,1000,400001,6121697.398736933,KR,50,U003
102131,2000,500000,4338671.524976633,KR,31,U001
102132,1000,400001,5267133.512314641,KR,40,U003
102133,1000,400001,4035407.655989906,SA,31,U002
102134,3000,400001,4168154.1324187797,SA,31,U003
102135,3000,400001,6040292.66824239,SA,31,U002
102136,2000,500000,5553226.706119424,SA,31,U003
102137,1000,500000,5279172.104030742,SA,31,U002
102138,1000,400001,3142581.388553364,KR,40,U002
102139,3000,400001,4557685.702850635,KR,31,U003
102140,1000,500000,5485451.20246935,KR,40,U002
102141,1000,400001,30725980.749305665,SA,31,U001
102142,1000,400001,4716891.688073123,KR,40,U003
102143,3000,400001,5613322.968495454,SA,50,U001
102144,2000,400000,3791089.0293241553,KR,31,U002
102145,2000,400001,3656570.7304409626,SA,50,U002
102146,1000,400000,3804937.5070046564,KR,50,U002
102147,2000,400001,5267588.16928921,SA,50,U003
102148,3000,500000,4554401.176909679,KR,31,U002
102149,3000,400000,5702438.901170492,SA,50,U001
102150,2000,400000,5096814.708187692,KR,40,U001
102151,2000,400001,6504427.774350432,SA,31,U003
102152,1000,400001,4010014.2414005212,SA,50,U001
102153,2000,400000,5265417.364087279,SA,31,U003
102154,1000,500000,4363828.18318028,SA,50,U003
102155,1000,500000,5480170.159318424,KR,40,U002
102156,3000,400001,5095948.712218272,KR,31,U001
102157,3000,500000,4205503.340943695,KR,31,U001
102158,3000,500000,4874278.203112899,SA,50,U001
102159,3000,400001,5058478.461769321,KR,40,U002
102160,2000,500000,4520552.84800382,SA,31,U003
102161,3000,400001,5581733.771986862,KR,50,U001
102162,2000,400000,4175125.9066648684,SA,40,U001
102163,3000,400001,6672806.846426531,KR,40,U001
102164,2000,400000,5762952.240501484,SA,40,U001
102165,1000,400000,5278992.895242829,SA,40,U002
102166,2000,500000,7276251.419757752,KR,31,U003
102167,2000,500000,4752560.939285388,KR,31,U001
102168,3000,500000,5489100.694051478,KR,40,U001
102169,2000,400001,5178144.370879366,SA,50,U003
102170,1000,500000,5637974.154566259,SA,50,U002
102171,1000,400000,6196893.093653297,SA,40,U002
102172,3000,500000,5439159.501289087,KR,40,U002
102173,1000,500000,5833435.11625216,SA,50,U002
102174,2000,400001,4559689.607722727,KR,40,U001
102175,1000,400001,4835079.881228961,SA,40,U003
102176,3000,400000,6310630.048210403,KR,31,U003
102177,2000,400001,5477484.930823488,SA,31,U003
102178,3000,500000,5198658.915886551,SA,40,U002
102179,2000,400001,4397404.632733186,KR,40,U002
102180,1000,400000,5773276.86490796,SA,31,U003
102181,3000,500000,4374827.663214032,SA,40,U001
102182,3000,400000,4139067.3153839153,KR,31,U002
102183,2000,400001,5091940.600823137,SA,31,U001
102184,3000,400001,3078005.9731770474,KR,50,U003
102185,2000,400000,5488861.37309678,KR,31,U002
102186,2000,500000,5301555.357393031,SA,50,U001
102187,2000,400001,4717757.153091311,SA,50,U002
102188,2000,400001,4790305.47315197,SA,31,U003
102189,1000,500000,39236346.21013505,KR,40,U003
102190,2000,400001,4368698.097962127,SA,31,U003
102191,3000,400000,5147658.101998635,KR,50,U001
102192,1000,400001,4800484.055691588,SA,31,U002
102193,3000,400001,5089961.722630895,SA,31,U002
102194,1000,500000,4875417.131732206,KR,50,U002
102195,2000,400000,4717977.0620070025,SA,31,U003
102196,1000,500000,5222794.09875011,SA,31,U001
102197,1000,400001,5624879.8743452085,SA,50,U003
102198,3000,400001,4580184.683865682,SA,40,U003
102199,3000,500000,5316378.6333167665,SA,50,U001
102200,2000,500000,5415544.328411353,KR,50,U003
102201,1000,500000,3972908.8943947437,SA,31,U003
102202,1000,400000,5781235.580123046,KR,50,U002
102203,1000,400001,6645161.064524791,SA,31,U001
102204,2000,500000,4929523.447469964,SA,31,U001
102205,2000,400001,4863043.6730367765,KR,31,U002
102206,2000,400000,4829595.070723722,SA,50,U001
102207,2000,400000,5496484.603839443,SA,50,U002
102208,2000,400000,5408622.821319849,KR,31,U003
102209,3000,400000,3727471.0381433167,KR,40,U001
102210,1000,400001,4307103.15981267,SA,40,U001
102211,1000,400000,5405850.27991335,KR,50,U003
102212,1000,400000,4883982.584096199,KR,31,U003
102213,1000,500000,4067105.674208384,KR,31,U001
102214,1000,400000,6200208.144230413,KR,50,U001
102215,1000,500000,4360229.386993616,SA,40,U001
102216,1000,400000,5028621.697597543,SA,50,U002
102217,1000,400000,4862784.710856821,KR,50,U001
102218,3000,500000,4137048.9592395537,SA,31,U001
102219,1000,400000,5147963.841744347,KR,50,U003
102220,3000,400001,5313685.506799536,SA,40,U003
102221,2000,400001,4625859.174536298,SA,50,U002
102222,1000,400000,4731046.1884884145,KR,31,U003
102223,2000,400001,5480389.634210091,KR,40,U001
102224,2000,500000,3419889.38746929,SA,31,U001
102225,2000,400000,4323996.919801823,SA,50,U002
102226,3000,400000,5170747.917225903,SA,50,U003
102227,2000,500000,4578609.018407907,KR,50,U003
102228,2000,500000,4567176.749016439,SA,31,U003
102229,2000,500000,5721354.036956935,KR,50,U002
102230,1000,400000,4493340.574369854,KR,40,U003
102231,1000,500000,6583342.600891059,KR,40,U003
102232,3000,500000,3596389.9376888657,SA,31,U003
102233,3000,400001,25843239.467378765,KR,31,U001
102234,1000,400001,5703148.929174766,SA,31,U002
102235,3000,400000,4212838.992502362,KR,50,U001
102236,1000,400001,4226341.1293816045,SA,40,U002
102237,2000,400001,5787786.6190557415,SA,40,U003
102238,2000,500000,4602185.131162832,KR,40,U001
102239,3000,500000,5728289.452691924,KR,31,U003
102240,1000,400001,4511670.445798033,SA,31,U003
102241,1000,400001,5290025.217580245,SA,50,U002
102242,3000,400001,4590862.016017263,KR,31,U003
102243,1000,400000,4264150.179303769,KR,40,U001
102244,2000,400000,6384481.086027774,SA,50,U002
102245,3000,400000,5893169.74108786,SA,31,U002
102246,3000,400001,4418687.453653856,KR,31,U001
102247,1000,400001,4857283.170548449,SA,40,U003
102248,3000,400000,6180981.4387290245,KR,50,U003
102249,1000,400000,4209423.667950783,KR,31,U003
102250,1000,400001,4252713.570553529,KR,31,U003
102251,1000,500000,5376048.377843884,KR,50,U003
102252,1000,400000,6816395.648208977,SA,50,U002
102253,1000,400001,40344521.93195168,KR,31,U002
102254,3000,400001,5839848.991589361,KR,31,U001
102255,2000,500000,4186048.1949690655,SA,40,U003
102256,2000,400001,5288841.873548827,SA,50,U003
102257,3000,400001,37698465.84415001,KR,31,U003
102258,3000,400000,6493300.062901399,KR,31,U001
102259,2000,400000,50231621.404244035,KR,31,U003
102260,2000,500000,6823533.38948109,KR,31,U002
102261,2000,500000,4443608.568722074,KR,40,U003
102262,2000,400001,5028398.565924753,KR,50,U001
102263,2000,400000,5300133.539459249,SA,31,U002
102264,1000,500000,4474825.8909392925,SA,50,U002
102265,3000,500000,5104844.159781923,KR,50,U002
102266,1000,500000,5727182.429087063,SA,31,U003
102267,2000,400001,4559707.577814797,SA,31,U001
102268,2000,400000,4437314.83221038,KR,31,U001
102269,2000,500000,4384275.379064106,SA,40,U003
102270,1000,400000,3925038.09216905,SA,31,U001
102271,1000,500000,5683194.293674814,KR,50,U002
102272,2000,500000,4435465.331419296,KR,50,U002
102273,1000,400000,4351114.13580096,KR,40,U001
102274,1000,400000,5423255.868138192,SA,31,U001
102275,2000,400000,4991507.183293989,KR,31,U003
102276,1000,400001,4579575.711915922,SA,40,U003
102277,3000,500000,5648503.048532802,KR,40,U003
102278,3000,400001,4547643.094474061,KR,31,U003
102279,3000,400000,3258439.222164844,KR,31,U003
102280,3000,500000,6066594.390964651,KR,50,U003
102281,2000,400001,4337443.619448537,SA,31,U002
102282,2000,500000,4424836.656915788,SA,31,U001
102283,2000,400001,4428370.3512175605,KR,50,U003
102284,3000,400000,5047680.791179709,SA,50,U002
102285,3000,400001,4780606.034234967,KR,50,U001
102286,1000,500000,5790456.890286511,KR,50,U001
102287,1000,500000,6316091.194008323,SA,40,U001
102288,3000,500000,4456640.417254106,SA,50,U003
102289,3000,500000,4249594.060774599,KR,40,U003
102290,3000,400000,4582478.9002502635,KR,50,U003
102291,3000,400001,5351246.633056243,KR,50,U001
102292,1000,400000,4906911.224989935,SA,50,U001
102293,3000,400000,4599670.791832388,KR,31,U002
102294,1000,400000,3962391.6025868296,KR,40,U002
102295,3000,500000,3232888.9257596545,KR,50,U002
102296,3000,500000,33569807.64671083,KR,31,U002
102297,3000,500000,6011532.689481503,KR,40,U001
102298,1000,400001,5348794.218451357,KR,40,U003
102299,1000,500000,4846771.7418099735,SA,31,U003
102300,2000,400001,5583829.437245912,KR,40,U003
102301,3000,500000,3969693.475918865,KR,31,U003
102302,2000,500000,5045400.0412444975,SA,50,U002
102303,2000,400000,3570915.9005280463,SA,31,U001
102304,1000,400000,5276815.220922786,KR,40,U003
102305,1000,400000,5207612.140836343,SA,40,U001
102306,2000,400001,5226646.578550919,KR,50,U002
102307,3000,400001,5934094.463967861,SA,31,U002
102308,1000,500000,5620795.837223289,SA,50,U003
102309,3000,400001,4032869.1077381885,KR,31,U003
102310,3000,500000,5946175.462304542,SA,31,U002
102311,2000,400001,4832438.441345069,KR,31,U002
102312,2000,400001,3423881.198668373,SA,50,U001
102313,2000,400001,4912995.500073756,KR,50,U002
102314,2000,400000,5517703.272113876,SA,40,U001
102315,1000,400001,4188918.482443238,KR,50,U002
102316,1000,400000,6066286.594965751,KR,31,U001
102317,2000,400000,4261346.7526782695,KR,31,U002
102318,1000,400001,4615126.433971504,KR,31,U002
102319,2000,500000,4468209.971407144,SA,50,U001
102320,3000,500000,3632819.0310561527,KR,40,U001
102321,3000,500000,4205493.101823708,SA,50,U003
102322,3000,400001,4430512.5563953845,SA,40,U003
102323,2000,500000,4895915.572922893,KR,50,U002
102324,3000,400000,2598820.406495118,KR,31,U002
102325,1000,500000,5573242.418687862,SA,40,U001
102326,3000,400001,5565338.961154937,SA,50,U002
102327,3000,500000,5945168.996471502,SA,31,U003
102328,3000,400000,3806675.6175332787,KR,40,U001
102329,1000,400001,4765734.8641345315,KR,40,U002
102330,2000,500000,5753148.496119647,SA,31,U001
102331,1000,400001,5821996.654182301,SA,31,U003
102332,2000,400001,6183144.750602044,SA,50,U003
102333,2000,400001,5082171.979657768,KR,50,U003
102334,3000,500000,4955220.913646517,SA,31,U002
102335,2000,400001,3753640.6430493277,SA,50,U002
102336,1000,500000,5851900.955381848,SA,31,U002
102337,1000,400000,4631748.606667162,SA,31,U002
102338,2000,500000,5027152.781948584,KR,50,U002
102339,3000,400000,4973736.458204818,SA,50,U002
102340,3000,500000,3084278.19325433,KR,40,U003
102341,1000,400001,4350835.4207706265,KR,40,U003
102342,3000,500000,5363105.096029211,SA,50,U002
102343,2000,400001,4961131.357775053,KR,50,U003
102344,2000,400000,5369458.380669128,SA,50,U001
102345,1000,500000,5627077.5522491075,SA,40,U002
102346,2000,400001,4341407.5354860155,SA,50,U001
102347,1000,400000,4587879.775483356,SA,40,U002
102348,2000,400000,4887050.299552959,SA,40,U002
102349,1000,500000,5618799.163635326,KR,40,U003
102350,3000,400000,4812721.569434432,KR,40,U001
102351,2000,400001,3575122.276776899,SA,31,U003
102352,2000,400000,4841453.702923946,KR,50,U002
102353,1000,400000,5586616.360774964,SA,50,U001
102354,1000,400001,6085615.538254638,KR,31,U002
102355,2000,400000,5224460.739347819,KR,50,U003
102356,1000,400000,3811202.6588805616,SA,40,U002
102357,2000,400000,4674903.403347949,KR,31,U002
102358,3000,400000,5380045.718151362,KR,40,U003
102359,1000,400001,5692971.806525817,KR,31,U002
102360,2000,400000,5405657.269778516,SA,40,U001
102361,3000,400001,4798713.969561446,KR,50,U003
102362,3000,400000,5686812.343820481,KR,50,U002
102363,2000,400000,4487547.925923947,KR,50,U003
102364,1000,400000,5147719.25829931,KR,31,U002
102365,2000,400000,5599829.9295253875,KR,50,U003
102366,3000,400001,5461308.645602853,KR,31,U003
102367,2000,400001,5479275.976180219,KR,40,U001
102368,1000,400001,5459131.994896137,KR,50,U003
102369,3000,500000,4161044.8981658956,KR,40,U001
102370,2000,400000,5014046.03994386,SA,50,U003
102371,1000,400000,4272603.633246353,KR,40,U003
102372,3000,400001,4768420.7549176,KR,31,U002
102373,1000,500000,4064928.055996646,KR,50,U002
102374,3000,400000,5275973.365081564,KR,31,U002
102375,2000,400001,3427878.6022555083,KR,31,U003
102376,1000,400000,5493824.954086772,SA,40,U003
102377,3000,400000,40098225.8420418,SA,50,U001
102378,1000,400001,6521727.715262027,SA,31,U001
102379,1000,400001,4836319.878383031,SA,40,U001
102380,2000,400000,4836082.642243748,KR,40,U002
102381,1000,400000,5546025.826023526,KR,40,U002
102382,3000,400001,4882805.8283372475,KR,50,U001
102383,3000,400000,5219866.245839938,SA,50,U003
102384,3000,400000,5795520.033670864,SA,40,U002
102385,3000,400001,4785988.129887296,SA,50,U002
102386,2000,400000,5956208.135225174,SA,40,U001
102387,1000,400000,3656692.915588307,KR,50,U002
102388,2000,500000,6282783.90108386,KR,50,U001
102389,1000,400001,3569467.1348437336,SA,40,U002
102390,1000,500000,6081749.849358015,KR,40,U003
102391,1000,500000,3506830.0253566382,SA,50,U003
102392,2000,500000,6584467.294727831,SA,40,U002
102393,1000,400000,5128700.970863912,SA,40,U001
102394,2000,400000,4244092.613932919,SA,40,U002
102395,3000,500000,6492095.813484112,KR,40,U001
102396,3000,500000,4128903.9420858864,KR,50,U002
102397,1000,500000,4818116.896410762,SA,31,U003
102398,2000,400000,7083769.832783485,SA,50,U003
102399,3000,500000,5316430.523608727,KR,40,U002
102400,2000,500000,3379188.161774392,KR,40,U002
102401,2000,400001,4781366.226101611,SA,50,U002
102402,1000,400001,4710592.429992753,SA,40,U003
102403,3000,400000,5150813.501251336,SA,50,U003
102404,1000,400001,4964445.622510968,SA,31,U001
102405,1000,400001,5436680.398266875,SA,40,U002
102406,3000,400001,3777556.5993664525,KR,31,U002
102407,3000,400000,4561677.567851597,KR,31,U003
102408,2000,400001,5249474.90562552,SA,40,U002
102409,3000,400000,4390286.554050739,SA,40,U001
102410,2000,500000,5876754.866766358,SA,50,U002
102411,2000,400001,4406290.525972191,SA,50,U003
102412,2000,400000,5114663.271469327,KR,40,U002
102413,3000,400001,4916034.427912621,KR,50,U003
102414,1000,500000,4188255.3011461413,SA,31,U001
102415,2000,400000,5048392.7961692605,KR,31,U001
102416,1000,400000,3950454.276092737,SA,40,U002
102417,1000,400000,4645111.018580318,SA,50,U002
102418,3000,500000,5024219.323596244,KR,40,U003
102419,1000,500000,3858129.448741314,SA,31,U001
102420,1000,500000,5498801.312736418,KR,40,U001
102421,3000,400000,5208299.734807569,SA,40,U001
102422,2000,500000,5425600.62103098,SA,40,U001
102423,1000,400001,5001975.260912043,SA,40,U002
102424,3000,500000,4079453.1349665793,SA,31,U002
102425,1000,400000,4999941.718470019,KR,40,U003
102426,1000,400001,5498477.66691954,SA,40,U001
102427,2000,500000,4047752.968426988,KR,50,U002
102428,1000,400001,4111339.186729644,KR,40,U002
102429,3000,400001,4803132.491239113,SA,50,U001
102430,1000,400000,4702936.371974139,KR,40,U002
102431,2000,400001,4987068.932304987,SA,50,U003
102432,2000,400001,4766641.643436843,KR,40,U003
102433,3000,400000,5127999.63663775,KR,50,U001
102434,2000,400000,5977454.4155594865,SA,40,U003
102435,1000,400000,5430710.710877886,SA,40,U002
102436,2000,400001,5044921.323469134,KR,50,U003
102437,3000,400001,32917046.09954706,SA,40,U002
102438,2000,400001,4422410.7297795685,SA,40,U001
102439,2000,400000,5673387.3432374755,KR,40,U001
102440,2000,500000,4625211.684913347,KR,40,U002
102441,3000,400001,4225798.29720503,SA,31,U002
102442,2000,500000,6678426.495023035,KR,40,U003
102443,2000,400000,6219567.499141341,SA,31,U002
102444,1000,400001,4900437.264693716,SA,31,U001
102445,3000,500000,4133868.3987450087,KR,40,U002
102446,2000,400001,5578687.077818357,SA,50,U003
102447,3000,400001,4607945.601336701,KR,50,U003
102448,2000,400001,5710826.210249638,SA,40,U002
102449,2000,500000,4608757.271389898,SA,31,U003
102450,2000,400000,6316316.454316204,SA,50,U003
102451,1000,400001,4585006.694883322,KR,40,U001
102452,1000,400000,6891786.78768288,KR,40,U002
102453,1000,400000,5156046.227903745,SA,31,U001
102454,3000,500000,6107444.507243551,KR,50,U001
102455,3000,500000,4567919.712792106,KR,40,U003
102456,1000,400000,3950919.7983934553,SA,50,U001
102457,3000,400001,3155021.756514484,KR,40,U002
102458,2000,500000,6021283.070464025,KR,40,U002
102459,2000,400001,5054411.127980833,KR,40,U002
102460,2000,400001,4001939.6395826335,SA,31,U001
102461,1000,400001,6054562.440868685,SA,31,U002
102462,3000,400000,5924795.213408662,KR,31,U002
102463,1000,400001,6105908.672296428,SA,50,U001
102464,3000,400000,3928171.177245713,KR,31,U001
102465,2000,400000,5997129.040836602,SA,31,U001
102466,1000,400001,5307233.580540434,KR,50,U001
102467,3000,400001,6142098.429846061,SA,50,U003
102468,3000,400001,5434184.9316355055,KR,50,U001
102469,2000,400001,5138412.450278111,SA,50,U001
102470,1000,400000,6007988.187569775,KR,31,U002
102471,1000,400001,5681519.550547454,SA,31,U002
102472,1000,400001,5865412.4790184265,SA,50,U001
102473,2000,400000,4609562.07947937,SA,31,U001
102474,1000,500000,4862072.500804417,KR,40,U001
102475,2000,500000,28903593.00962135,KR,31,U002
102476,2000,400000,36415205.95797379,KR,40,U002
102477,2000,500000,5632314.830911175,SA,50,U001
102478,3000,400000,5451350.25407871,KR,50,U002
102479,1000,400001,4216374.312055755,SA,31,U002
102480,1000,400001,6025876.336188074,SA,50,U001
102481,2000,500000,7378460.228296228,SA,31,U002
102482,2000,400001,4277820.4363370845,KR,31,U001
102483,1000,500000,4835294.558364904,SA,31,U003
102484,2000,500000,4502723.65955886,KR,31,U003
102485,1000,400001,4924091.39504554,KR,40,U003
102486,3000,400001,5219124.800385458,SA,40,U002
102487,2000,500000,4442133.649129979,KR,50,U003
102488,1000,400001,4778464.164742533,SA,40,U002
102489,2000,400000,5069794.558874221,SA,50,U001
102490,1000,400001,5377281.572806042,KR,50,U003
102491,1000,400001,6173194.323988272,SA,31,U002
102492,2000,400000,4988416.9130682,SA,31,U003
102493,3000,400001,4550531.491848273,SA,31,U002
102494,1000,400001,5557071.3181591015,KR,31,U002
102495,1000,500000,5320138.303178247,KR,31,U001
102496,1000,400001,4845737.923340216,KR,31,U002
102497,3000,400001,5388013.379861461,SA,40,U002
102498,3000,400000,4693481.137019325,SA,50,U003
102499,2000,500000,4575692.784756454,KR,50,U001
102500,3000,500000,3480546.276165473,KR,31,U002
102501,2000,500000,4737661.514083538,KR,40,U003
102502,2000,400001,3589981.6153195687,KR,31,U001
102503,3000,500000,4488476.920931224,KR,40,U002
102504,2000,400000,5463584.589277858,SA,40,U003
102505,3000,500000,3795864.26093152,KR,50,U001
102506,2000,400000,4848124.044666908,SA,50,U001
102507,3000,500000,5052378.9342138395,SA,40,U001
102508,3000,500000,4809124.636535013,SA,50,U001
102509,2000,400000,4614932.138207605,SA,40,U002
102510,1000,500000,5260311.050842111,KR,40,U002
102511,2000,500000,5371279.3604532825,SA,40,U001
102512,3000,500000,40009767.22265363,KR,50,U001
102513,1000,400001,4659391.265757658,SA,31,U002
102514,2000,400000,5691788.7464400865,KR,50,U003
102515,2000,500000,3951407.9518013997,KR,31,U001
102516,2000,400000,5549902.846780176,SA,50,U002
102517,1000,400000,42686044.1044586,KR,50,U002
102518,3000,400000,5159221.475050615,SA,31,U003
102519,2000,500000,4992083.603418685,KR,40,U002
102520,2000,500000,3488024.9608701216,SA,31,U001
102521,2000,400000,6109881.8896093825,SA,40,U002
102522,2000,400001,5670936.839108153,KR,40,U001
102523,2000,400000,4230887.859284556,KR,50,U002
102524,3000,400001,5607047.748012497,SA,50,U001
102525,3000,400000,5151071.759618896,SA,50,U001
102526,2000,400000,4533598.376434839,KR,50,U002
102527,1000,400000,5953434.973911637,SA,50,U001
102528,3000,500000,4655328.592927304,SA,31,U002
102529,1000,400001,6084901.279676977,SA,31,U002
102530,3000,400001,5427424.291960102,KR,31,U002
102531,2000,400000,5765246.981139483,SA,31,U001
102532,3000,500000,43706146.38767006,SA,50,U002
102533,2000,500000,5426184.630207634,KR,31,U003
102534,3000,400001,5172184.345317147,SA,31,U001
102535,2000,500000,4418544.842355785,SA,40,U003
102536,2000,400001,5050020.577875846,SA,50,U003
102537,2000,400001,5733112.675232934,SA,31,U003
102538,2000,400001,5575407.769268493,KR,31,U003
102539,1000,500000,5401002.771888238,SA,31,U002
102540,2000,400001,3323397.3495232016,SA,50,U003
102541,1000,400001,4829420.704874193,SA,31,U001
102542,1000,400000,4745368.622920157,SA,40,U003
102543,2000,400001,4117393.94555071,SA,50,U003
102544,1000,400001,5723006.096909814,KR,40,U003
102545,3000,400000,3379753.045512361,KR,50,U002
102546,2000,400000,5669308.59832105,SA,31,U003
102547,1000,500000,6063390.599522583,SA,50,U003
102548,2000,400001,4832126.609384906,KR,50,U003
102549,2000,500000,4940528.844817855,KR,50,U001
102550,2000,500000,46192379.10843737,KR,40,U002
102551,1000,400000,4389076.277260534,SA,50,U002
102552,3000,500000,5528621.181417965,SA,31,U002
102553,3000,400001,4265748.521858854,SA,50,U001
102554,1000,400000,4026046.4755045064,SA,50,U003
102555,2000,400001,5236792.581319896,SA,31,U001
102556,1000,400001,4978650.414964371,SA,31,U002
102557,1000,400000,3623196.5510632163,KR,40,U002
102558,1000,400001,6132248.761935698,KR,31,U002
102559,2000,400000,4668226.369293085,SA,31,U001
102560,1000,400001,5408543.935487242,SA,31,U002
102561,2000,400000,6284146.60106652,SA,50,U003
102562,1000,500000,5198083.50102349,KR,40,U001
102563,3000,400001,6018633.652693672,KR,31,U003
102564,1000,400000,4309556.762924014,KR,31,U002
102565,1000,400001,6136788.283064038,KR,31,U002
102566,3000,400001,4339308.403213501,SA,50,U001
102567,2000,400001,4543086.809897455,KR,50,U003
102568,2000,400000,3836267.6712099654,KR,40,U001
102569,1000,500000,5214739.643932753,SA,40,U003
102570,3000,500000,5504742.011474341,SA,50,U002
102571,2000,500000,5613446.708314816,SA,31,U001
102572,1000,400000,30837847.937821537,KR,31,U001
102573,3000,500000,5299980.997170425,SA,40,U003
102574,2000,400000,5329585.894406967,KR,31,U002
102575,2000,400001,5491817.367660742,KR,50,U002
102576,3000,400001,4381816.970745199,KR,40,U003
102577,3000,500000,2995757.0153246396,KR,50,U003
102578,3000,400000,5565183.123202705,SA,50,U003
102579,3000,400001,4883336.2920776475,SA,31,U003
102580,1000,400000,5224192.884567751,KR,50,U003
102581,3000,400000,4924314.370568139,SA,50,U002
102582,2000,400001,5187601.7976215035,KR,31,U002
102583,2000,400000,5589695.435351404,KR,50,U001
102584,1000,400001,3514382.6323660864,SA,31,U002
102585,2000,400001,5912816.220991424,SA,50,U003
102586,2000,400001,4854286.003463663,KR,31,U002
102587,3000,400000,6301659.414780799,SA,31,U002
102588,2000,400001,4632435.667691854,KR,40,U002
102589,1000,400000,4454721.749930071,SA,50,U001
102590,3000,400001,4881328.473767266,KR,50,U001
102591,3000,400001,5399989.632745474,KR,40,U003
102592,1000,500000,4780517.958669564,SA,31,U003
102593,3000,500000,5458010.630100419,SA,31,U001
102594,3000,500000,4690299.275952359,KR,40,U002
102595,1000,400000,5027913.7744088825,SA,40,U002
102596,3000,400000,6789242.359235764,SA,31,U001
102597,1000,400001,5285813.490826045,KR,31,U003
102598,1000,400001,5349996.9815407805,KR,40,U002
102599,2000,400001,3821944.010248818,SA,50,U003
102600,2000,400001,6083430.018676,SA,31,U002
102601,3000,400000,5853172.068258613,KR,40,U003
102602,3000,400001,4428440.712566561,KR,50,U002
102603,1000,400001,5837380.747497389,KR,50,U003
102604,3000,500000,5263840.981872017,KR,50,U003
102605,1000,400001,5037132.718885257,KR,50,U003
102606,1000,400001,6032764.517019999,KR,40,U001
102607,3000,400001,4590161.141543416,KR,31,U003
102608,1000,400000,35376927.64364896,KR,50,U001
102609,2000,500000,5166050.656269604,SA,50,U001
102610,3000,400001,5422583.051630104,SA,40,U003
102611,2000,400001,5773052.709355068,SA,50,U001
102612,3000,500000,4879237.638602716,KR,40,U001
102613,1000,400001,4320183.106727481,SA,40,U001
102614,3000,400000,7022854.174371943,KR,31,U002
102615,2000,400001,4130724.35116883,SA,50,U003
102616,1000,400000,5044094.498631624,KR,31,U001
102617,3000,400000,5623764.41963809,KR,40,U003
102618,3000,400001,5920898.092030268,SA,50,U001
102619,3000,500000,4546271.857001826,KR,40,U003
102620,2000,400000,3500065.8444738374,SA,40,U001
102621,2000,500000,4527787.861229863,SA,40,U002
102622,3000,400001,5689058.008171108,SA,50,U002
102623,1000,400000,5509997.18519619,SA,40,U002
102624,1000,400001,5536097.887110461,SA,40,U001
102625,2000,500000,5569331.268859499,SA,50,U003
102626,1000,400001,6072067.386144407,SA,31,U001
102627,2000,400001,4379289.243764167,SA,40,U002
102628,3000,400000,4041681.603417917,SA,31,U001
102629,2000,400001,5296384.196211005,KR,31,U003
102630,2000,400001,4161180.248345448,KR,31,U002
102631,3000,400001,3991267.7204119954,SA,31,U001
102632,1000,400000,5979167.927925709,KR,31,U003
102633,2000,500000,5200287.853660651,KR,31,U002
102634,2000,500000,5022794.519236069,SA,50,U003
102635,3000,400001,5039419.197412252,SA,50,U003
102636,1000,400000,4915088.792140268,KR,31,U002
102637,2000,400001,5973792.516261259,SA,50,U001
102638,3000,500000,3788307.275843373,SA,50,U001
102639,2000,400000,3755181.135039665,SA,31,U001
102640,3000,500000,4250894.785129673,KR,31,U001
102641,1000,500000,5231329.318191961,SA,40,U003
102642,1000,400000,6444274.991902791,KR,50,U001
102643,1000,400000,5695267.1932042185,SA,31,U001
102644,1000,400001,43791633.37103422,SA,50,U003
102645,2000,400001,39488851.63977904,KR,50,U003
102646,2000,500000,3933976.0688032554,SA,50,U002
102647,1000,400000,5411991.859269732,KR,40,U003
102648,1000,400000,6620773.652668105,KR,31,U002
102649,1000,400001,4807953.875593177,SA,50,U002
102650,2000,500000,4551461.308196854,SA,31,U001
102651,1000,500000,4811805.442887765,KR,50,U001
102652,1000,400001,5479800.910793936,KR,31,U001
102653,1000,400000,5089384.148201546,SA,31,U003
102654,3000,400001,5728011.288891776,SA,31,U003
102655,1000,400001,4973239.30060014,SA,50,U001
102656,3000,400001,4807190.696283375,SA,40,U001
102657,3000,400001,5183204.783963396,SA,31,U003
102658,1000,400000,4568278.258535458,KR,40,U002
102659,3000,400001,51140895.62524568,KR,31,U002
102660,1000,400000,5658491.518493292,KR,40,U001
102661,2000,400001,4120241.1300754705,KR,31,U001
102662,2000,500000,4403392.662772689,SA,40,U001
102663,2000,400000,5452269.604132883,KR,31,U002
102664,2000,500000,5146654.036797131,SA,31,U001
102665,3000,400001,5242009.367478459,SA,40,U002
102666,1000,400001,4846298.023507087,SA,31,U003
102667,1000,400001,5364138.429220347,SA,50,U003
102668,1000,400000,4865115.305197033,SA,31,U003
102669,2000,500000,5450703.634727673,KR,31,U001
102670,2000,400000,5618422.585000719,SA,50,U003
102671,1000,400000,6285392.269310528,SA,50,U002
102672,2000,400001,4588240.605643231,SA,50,U002
102673,1000,500000,4991105.094539568,KR,40,U002
102674,1000,400001,4024814.8712830665,SA,50,U001
102675,1000,400000,6461009.133631274,SA,40,U001
102676,1000,400001,3419609.634236927,SA,50,U002
102677,1000,500000,50770364.08660358,KR,40,U002
102678,1000,400001,5074775.6658329135,SA,50,U002
102679,1000,500000,5334742.344389318,KR,50,U002
102680,2000,500000,38939717.80013023,KR,31,U003
102681,1000,400001,5024880.526490633,SA,50,U002
102682,1000,400000,5470467.679795602,KR,31,U001
102683,2000,400001,3690682.0305429935,KR,50,U001
102684,2000,400000,4478299.010324878,SA,50,U001
102685,2000,400000,4323954.172953073,SA,31,U001
102686,1000,400001,5357923.826828654,SA,31,U001
102687,3000,400000,5003492.958723082,SA,40,U002
102688,3000,400000,5494476.672343046,KR,31,U002
102689,2000,400001,5131820.003345085,KR,40,U003
102690,3000,400001,5846871.068652797,SA,50,U003
102691,2000,400001,4407780.567192997,SA,31,U003
102692,1000,400000,5046524.62388019,SA,31,U002
102693,3000,500000,5887490.731202011,KR,50,U003
102694,1000,400000,5727460.838416538,SA,50,U002
102695,3000,500000,3816284.35483993,KR,50,U001
102696,1000,400001,4183111.368812223,KR,50,U002
102697,3000,500000,4934567.249036172,KR,31,U002
102698,1000,400001,4812130.661806978,KR,50,U001
102699,1000,400001,4947658.617158468,SA,50,U001
102700,3000,500000,5636952.240201477,SA,31,U001
102701,1000,400001,5231506.404001657,SA,40,U003
102702,1000,500000,5278152.722415384,KR,31,U003
102703,1000,400001,5536490.85488274,KR,40,U003
102704,3000,400000,5859339.364116447,SA,50,U001
102705,3000,400000,2555190.2708280417,KR,31,U003
102706,1000,400001,4690698.8414095575,KR,50,U001
102707,1000,400001,4293625.770192239,KR,31,U001
102708,3000,500000,5380252.908715882,SA,40,U001
102709,3000,400000,4630316.835532276,SA,31,U003
102710,1000,500000,5060689.293532098,SA,50,U003
102711,1000,400001,5681714.461122006,KR,31,U001
102712,1000,400001,4517611.248977472,SA,50,U003
102713,2000,500000,5290252.538169775,SA,31,U002
102714,3000,400001,6243062.2585283425,SA,40,U003
102715,2000,400000,5665292.367897265,KR,31,U001
102716,3000,500000,3731378.114656018,KR,31,U001
102717,3000,400000,4766602.638979119,KR,31,U001
102718,3000,400000,5284653.068221597,KR,31,U002
102719,3000,400000,5442227.084977544,KR,40,U001
102720,3000,500000,4798120.769370203,SA,50,U001
102721,3000,400001,4488168.887208373,SA,31,U003
102722,3000,400000,5054210.347879175,KR,31,U002
102723,2000,400000,33043937.895072356,KR,31,U003
102724,1000,400000,5879787.412835615,SA,40,U001
102725,1000,400001,6494944.7791585345,KR,50,U001
102726,2000,400001,5315755.174760099,KR,50,U002
102727,2000,500000,4814049.157176709,KR,31,U001
102728,2000,400001,5752720.799930917,KR,31,U002
102729,2000,500000,5617543.379486939,KR,50,U003
102730,3000,500000,4779567.403115661,SA,31,U002
102731,1000,500000,4961725.144520197,SA,31,U003
102732,3000,500000,4512372.528697523,KR,31,U001
102733,1000,500000,5131747.859948776,KR,40,U003
102734,1000,400000,5239127.312036199,SA,40,U003
102735,2000,400001,4375893.876583443,KR,50,U003
102736,3000,400000,4140258.9266976826,SA,40,U002
102737,2000,500000,3939187.6703727474,KR,40,U003
102738,3000,400001,5333227.730089634,SA,50,U002
102739,1000,400000,4990813.944303915,SA,40,U002
102740,2000,400000,4933140.682516138,KR,50,U002
102741,2000,500000,42972965.90300373,KR,31,U001
102742,1000,400000,4279230.419449299,SA,50,U001
102743,1000,400000,4143797.8118630457,KR,50,U001
102744,1000,400000,5192865.535175087,SA,50,U002
102745,2000,400000,3617056.8323355545,KR,31,U001
102746,3000,400000,4792812.37525262,KR,31,U003
102747,2000,500000,55785256.78449842,KR,31,U002
102748,3000,500000,3921170.0297179804,SA,50,U001
102749,2000,400000,4656206.112055421,SA,50,U002
102750,2000,500000,3301685.7570481854,KR,50,U001
102751,1000,500000,4813017.553422284,SA,50,U003
102752,3000,400001,6573229.142612248,KR,50,U002
102753,2000,400000,5373533.94943232,SA,50,U001
102754,2000,500000,4508976.55270322,KR,50,U001
102755,1000,500000,6745128.516216879,SA,40,U003
102756,1000,400000,3606117.912385272,SA,31,U003
102757,3000,400001,5363154.527805615,SA,40,U001
102758,2000,400000,5051930.22967435,SA,31,U001
102759,3000,400001,4802380.255271667,SA,50,U002
102760,2000,400000,5645673.178983076,SA,40,U002
102761,3000,400000,4054416.4733797596,KR,50,U001
102762,1000,400000,5250098.107097863,KR,40,U003
102763,2000,400000,5148526.658211613,SA,40,U002
102764,3000,400001,4303189.869509029,KR,50,U001
102765,1000,400001,6559996.464333855,SA,40,U003
102766,1000,500000,4854530.1893106885,KR,40,U003
102767,3000,400000,4889079.702244233,KR,31,U001
102768,2000,400001,4177858.2597634066,KR,50,U001
102769,2000,400001,4869327.639106894,KR,50,U002
102770,1000,400001,6867803.685455188,SA,40,U001
102771,2000,400000,4797830.512022732,KR,50,U002
102772,2000,500000,5414961.554410914,KR,31,U003
102773,2000,400001,5760438.18559481,KR,31,U002
102774,1000,400000,4854878.151087923,SA,50,U001
102775,3000,400001,4672327.75817296,KR,50,U002
102776,2000,400001,5377811.104980938,SA,31,U003
102777,1000,500000,4806993.304892479,SA,50,U003
102778,1000,400001,4734523.9417709885,KR,40,U001
102779,3000,400001,5751911.91540757,SA,50,U002
102780,2000,400000,4944461.53046956,KR,40,U001
102781,2000,400000,5970591.870611792,KR,31,U001
102782,3000,500000,4926458.649405503,KR,50,U003
102783,3000,400000,31569948.42654278,KR,31,U002
102784,1000,400000,2259363.717733078,KR,50,U001
102785,1000,500000,3529481.242517848,KR,40,U003
102786,3000,400001,3667231.6269885898,KR,50,U001
102787,2000,500000,5213230.344662318,SA,31,U002
102788,1000,400000,4222933.845428689,SA,40,U001
102789,1000,500000,3420694.899148673,KR,50,U002
102790,2000,400001,4895275.44922005,KR,31,U003
102791,1000,500000,4134537.5462953164,SA,31,U003
102792,2000,400000,5370479.310339172,KR,50,U001
102793,2000,400000,5350614.917813463,SA,31,U003
102794,2000,500000,5435269.025746544,SA,40,U001
102795,3000,400001,2953375.5781647144,KR,50,U001
102796,3000,500000,5036327.301103905,KR,40,U002
102797,3000,400001,4902878.079945552,SA,31,U001
102798,2000,400001,4022684.5761777633,SA,31,U002
102799,2000,500000,3290055.389970839,KR,31,U001
102800,3000,400001,4913052.063090059,KR,40,U002
102801,1000,400000,5851292.843004964,SA,31,U003
102802,2000,500000,2934593.917939781,SA,50,U001
102803,1000,400001,4333983.301676802,SA,50,U002
102804,1000,400000,5105228.09038893,KR,31,U001
102805,2000,500000,47199487.96283924,KR,50,U002
102806,2000,400000,38000822.30923957,KR,40,U002
102807,1000,400000,6544802.358424626,SA,40,U001
102808,1000,400000,3563754.7685758267,SA,31,U001
102809,3000,400001,27091597.301510736,KR,50,U003
102810,3000,500000,46513376.31823161,SA,50,U003
102811,2000,500000,3120300.598378584,SA,31,U003
102812,3000,400001,5369225.86904052,SA,40,U001
102813,3000,500000,4764374.04920495,SA,31,U003
102814,3000,400000,4279199.518048001,SA,50,U002
102815,3000,500000,4658666.233224902,KR,50,U001
102816,1000,400001,3968742.485096449,KR,31,U002
102817,2000,400000,4745332.755666979,KR,40,U002
102818,3000,400001,5013935.4674838865,KR,40,U002
102819,1000,400000,4667022.4188430905,KR,31,U001
102820,1000,400000,4532050.9742549835,SA,50,U001
102821,1000,500000,5203309.596032439,SA,40,U003
102822,3000,400000,6327657.436635864,SA,31,U003
102823,3000,400001,4787037.278414084,KR,50,U003
102824,2000,500000,5655992.404003374,SA,40,U003
102825,3000,400001,4227058.401595726,SA,40,U002
102826,3000,400000,3932734.959340101,SA,31,U001
102827,1000,400001,5362652.309851219,KR,50,U003
102828,2000,400001,4813172.36513332,SA,40,U002
102829,3000,400000,5903597.873314466,SA,31,U001
102830,3000,500000,6060338.812555008,KR,40,U001
102831,1000,400001,5671267.87394199,KR,50,U001
102832,1000,400000,5653886.664320147,SA,40,U002
102833,3000,500000,2259709.5315256203,KR,50,U003
102834,2000,500000,5355617.999653623,SA,40,U001
102835,2000,500000,5690303.863572003,KR,40,U002
102836,1000,400001,3982573.9182706056,SA,31,U001
102837,1000,400001,5007018.009271829,SA,40,U002
102838,3000,400001,4165817.4285262106,KR,50,U003
102839,1000,500000,5822008.475840703,KR,31,U003
102840,3000,400001,4235201.547938802,KR,50,U001
102841,2000,400000,4365710.314450682,KR,50,U003
102842,2000,400001,4628759.867155188,SA,31,U003
102843,3000,400001,6799528.177520219,KR,50,U002
102844,1000,500000,5803737.8160609575,SA,40,U002
102845,2000,400001,6290083.087131107,SA,31,U001
102846,1000,400000,3549504.1156158075,SA,40,U002
102847,2000,500000,3984564.2030619467,KR,40,U003
102848,3000,400000,6070863.7149741575,SA,50,U002
102849,3000,500000,3591871.0814186605,SA,50,U003
102850,3000,500000,4462652.663320268,KR,40,U001
102851,2000,400001,6644273.072502285,SA,31,U003
102852,1000,400000,4229228.215756248,SA,40,U002
102853,1000,500000,3543202.0378278196,SA,40,U002
102854,1000,400001,5037979.603501063,KR,50,U002
102855,2000,500000,3576205.620671006,SA,50,U002
102856,2000,500000,5989800.058378333,SA,40,U001
102857,2000,500000,4284113.000408244,SA,40,U003
102858,2000,500000,4123808.776870464,KR,50,U002
102859,2000,500000,5023505.882131201,KR,40,U003
102860,1000,500000,4676449.718019635,KR,50,U001
102861,2000,400001,5201879.354944656,SA,40,U003
102862,2000,500000,5417203.55952216,SA,31,U002
102863,1000,400000,4826169.805218484,SA,31,U003
102864,2000,400001,32566728.896089397,SA,40,U002
102865,1000,400000,5584406.628051812,SA,50,U002
102866,1000,500000,4445272.145518137,KR,40,U001
102867,3000,400000,4304728.820395439,SA,40,U001
102868,3000,500000,5114128.492124841,SA,50,U003
102869,3000,500000,27656560.516763702,KR,40,U003
102870,3000,400001,42501606.61214114,KR,50,U002
102871,2000,400001,41252876.824858814,SA,40,U002
102872,3000,500000,5897455.712218416,KR,50,U002
102873,1000,400001,4599686.288332486,KR,40,U002
102874,2000,400000,6059865.225617814,KR,31,U001
102875,3000,400001,5423714.320401501,SA,50,U002
102876,1000,400001,4978568.660445409,KR,31,U001
102877,2000,400000,6453356.74040483,SA,50,U003
102878,2000,400001,5076170.184677427,KR,50,U003
102879,3000,500000,4585306.137897879,SA,50,U001
102880,2000,400000,5099071.994457193,SA,50,U002
102881,1000,500000,4568824.666308814,SA,40,U003
102882,2000,400000,5298917.3444757555,KR,40,U001
102883,1000,500000,6056549.825598004,KR,50,U003
102884,2000,500000,4993596.774008593,KR,40,U002
102885,3000,400001,5072111.728058662,SA,50,U001
102886,1000,500000,5638264.95562343,KR,50,U003
102887,2000,400001,5949792.019286504,KR,31,U002
102888,2000,400000,4637891.787827341,SA,50,U001
102889,2000,500000,5137868.804962904,KR,50,U001
102890,1000,500000,5641809.845957399,SA,40,U001
102891,1000,400000,5263961.80486163,KR,50,U001
102892,1000,400000,3510328.451385095,SA,50,U003
102893,3000,500000,5786181.5679291375,SA,31,U001
102894,3000,400000,5418305.051770989,KR,40,U001
102895,1000,400001,5475158.992165445,SA,40,U001
102896,2000,400000,4046279.4178773114,KR,31,U001
102897,3000,400000,5121911.947761738,KR,50,U001
102898,1000,500000,5674676.186723703,KR,31,U002
102899,2000,400001,4295535.516077438,KR,40,U003
102900,3000,400000,4503564.360124493,SA,31,U002
102901,2000,400001,5688383.296854077,SA,40,U003
102902,2000,400001,4466317.900183471,SA,31,U001
102903,2000,400001,4833192.897963569,KR,50,U003
102904,2000,500000,4172305.072714204,KR,50,U001
102905,3000,400000,6455950.853855332,SA,40,U001
102906,3000,500000,5416498.212134847,SA,31,U002
102907,3000,400000,4795684.018635067,KR,40,U002
102908,1000,400000,4646099.847574238,KR,50,U002
102909,3000,500000,4017308.3014820907,KR,40,U003
102910,2000,400001,4911919.92701754,SA,50,U003
102911,3000,400001,5532046.464952037,KR,40,U002
102912,2000,400000,4352148.722178613,SA,31,U002
102913,1000,500000,5084432.897037106,KR,50,U001
102914,2000,400001,4706094.580280784,SA,40,U003
102915,2000,400001,6104092.743660399,KR,50,U001
102916,2000,400000,4490640.988819575,SA,31,U003
102917,1000,400000,5621724.6995494645,SA,50,U002
102918,3000,500000,6115218.076754694,SA,31,U003
102919,3000,400000,4698295.516977945,KR,50,U003
102920,1000,400001,4529138.041879805,SA,31,U001
102921,2000,400001,5738161.854819702,SA,50,U002
102922,3000,400001,3575020.8684785264,KR,31,U002
102923,1000,400001,5344475.711282121,SA,40,U002
102924,3000,500000,3739742.5657300144,SA,40,U001
102925,1000,500000,5977929.332133064,KR,50,U001
102926,2000,400000,4798322.924433332,SA,31,U001
102927,3000,400000,4927377.527406184,KR,40,U003
102928,1000,400000,4420600.6325138565,SA,50,U003
102929,3000,500000,3733834.18938223,KR,40,U001
102930,3000,400001,6012688.35010564,SA,31,U001
102931,3000,400000,4863153.993312566,SA,50,U002
102932,3000,400001,7567014.885366423,SA,31,U003
102933,1000,400000,4351854.557552345,KR,31,U003
102934,2000,400000,4482644.698733921,SA,31,U002
102935,1000,400000,4282204.708264021,SA,40,U002
102936,1000,400000,4859071.552636251,KR,50,U002
102937,1000,400000,6260174.326227541,KR,31,U001
102938,2000,400001,5808109.869418948,KR,40,U001
102939,3000,400000,3796356.9331323206,SA,31,U001
102940,3000,400001,5963296.060637749,SA,40,U001
102941,3000,500000,5546233.028896902,SA,50,U001
102942,2000,400000,5385110.261321458,KR,50,U003
102943,3000,400001,4452607.333247657,KR,50,U003
102944,2000,500000,4512071.761098067,SA,50,U003
102945,3000,500000,5109653.786580481,SA,31,U002
102946,3000,500000,4557469.870377379,KR,40,U003
102947,1000,400001,6050105.587271307,KR,50,U002
102948,2000,400000,4523235.4590994725,KR,31,U003
102949,1000,400000,3442588.5017373716,SA,50,U001
102950,1000,400001,3958834.4453096953,KR,50,U003
102951,1000,400000,4009629.3017401076,KR,50,U001
102952,2000,400001,4789321.541101338,KR,40,U001
102953,2000,400000,5172852.826855459,KR,40,U003
102954,3000,500000,5043040.349340233,SA,40,U003
102955,1000,400000,42949817.585228935,KR,50,U001
102956,3000,400001,4798175.980759456,SA,31,U002
102957,1000,400001,4826474.40420749,SA,31,U002
102958,2000,500000,6401487.979441617,KR,31,U003
102959,2000,400001,5964286.057008701,KR,50,U001
102960,2000,400000,5326640.385523652,SA,40,U002
102961,1000,400000,5733336.380541782,KR,31,U003
102962,2000,500000,3459027.8676050412,SA,50,U003
102963,1000,400001,4341969.104867647,KR,50,U001
102964,3000,500000,4654237.188795623,SA,31,U002
102965,1000,400000,34811097.843078375,SA,31,U003
102966,3000,500000,3763410.1529531777,SA,50,U002
102967,1000,400001,5336435.042052632,KR,31,U003
102968,3000,500000,6108598.207427696,SA,50,U003
102969,2000,400001,4989752.221600515,SA,31,U002
102970,3000,400001,44148365.09205751,KR,40,U002
102971,2000,400000,4965972.836809949,KR,50,U001
102972,2000,400000,4646688.952258608,SA,40,U001
102973,3000,400000,5735357.247214179,SA,31,U001
102974,1000,400001,3857447.2473539407,KR,50,U001
102975,1000,500000,3509277.8032435477,SA,31,U002
102976,1000,400001,3846160.1424716627,KR,50,U001
102977,1000,400000,5682870.382620871,KR,31,U002
102978,1000,400000,5069768.88550887,KR,40,U003
102979,2000,500000,5301230.383397429,SA,40,U002
102980,1000,400000,6341538.394766039,KR,31,U001
102981,2000,400000,4069328.260359079,SA,40,U002
102982,2000,400000,5963336.295331094,SA,40,U002
102983,2000,500000,4682940.468681097,KR,31,U002
102984,3000,400001,4561311.299802609,KR,50,U002
102985,3000,400000,5064976.301801283,KR,31,U002
102986,2000,500000,5190189.004543889,KR,50,U001
102987,3000,400000,4831566.288341409,SA,40,U002
102988,1000,500000,5488251.440849306,SA,40,U001
102989,1000,400000,5068194.461448861,KR,40,U003
102990,2000,500000,4840534.706598032,SA,40,U002
102991,1000,400000,4666972.691376175,KR,40,U003
102992,2000,400001,5190677.17257412,SA,50,U001
102993,2000,400000,3914673.7380431155,SA,50,U002
102994,1000,500000,4140428.9360160097,SA,50,U003
102995,3000,400000,4706039.944643055,KR,31,U001
102996,1000,400001,5435900.047751671,SA,40,U003
102997,1000,400000,6714280.098979886,SA,40,U002
102998,2000,500000,38980315.93034494,SA,40,U002
102999,2000,500000,3580614.9669313896,SA,31,U002
103000,2000,400001,4367801.992294161,KR,31,U001
103001,2000,500000,5527113.479673784,SA,31,U003
103002,3000,400000,4223774.312840842,KR,40,U001
103003,3000,400000,3955403.7936972445,KR,50,U003
103004,3000,400000,5522935.121291263,SA,31,U001
103005,2000,500000,5371904.04871433,SA,31,U002
103006,2000,400000,3821967.405794563,KR,50,U003
103007,2000,400000,4284005.323635455,KR,31,U003
103008,3000,400000,5995736.141453996,KR,50,U003
103009,2000,400001,45458203.32860378,SA,40,U001
103010,1000,500000,4042102.787359058,SA,50,U002
103011,1000,500000,3408888.5160705717,KR,50,U003
103012,2000,500000,5214814.332688698,KR,40,U001
103013,1000,400001,4763145.603809016,KR,31,U003
103014,1000,500000,5145393.517381657,SA,40,U002
103015,3000,400001,5507729.555075151,SA,31,U003
103016,2000,400001,4234984.466083182,KR,31,U002
103017,2000,500000,4654283.578731281,SA,50,U001
103018,3000,400000,4280753.18103536,KR,40,U001
103019,1000,400000,4309411.973615607,SA,50,U002
103020,1000,500000,5451807.354659543,KR,40,U002
103021,2000,500000,5115254.865075532,SA,40,U001
103022,1000,400001,3749646.5839114105,SA,50,U002
103023,3000,500000,5580082.91353321,SA,31,U002
103024,3000,400001,37759551.52269952,SA,31,U003
103025,2000,500000,5616932.325462338,SA,40,U001
103026,3000,400000,4188209.56324301,SA,31,U001
103027,3000,400000,4259449.5850418955,SA,50,U002
103028,2000,500000,5201369.838485334,KR,50,U002
103029,3000,400001,32982655.43571408,KR,50,U002
103030,3000,400000,4780095.063406587,KR,40,U001
103031,3000,400001,4031941.2301125806,SA,40,U003
103032,1000,500000,4686904.213542679,SA,31,U001
103033,2000,500000,4974516.614556082,SA,50,U003
103034,2000,400000,5012206.347920607,KR,50,U002
103035,2000,500000,4708202.182986921,KR,40,U001
103036,1000,400000,5266680.24025451,KR,40,U003
103037,1000,400001,5118239.236409631,KR,40,U001
103038,2000,400000,4928506.669010557,KR,50,U003
103039,1000,400000,4499319.573831117,KR,50,U003
103040,2000,400001,5854594.999662807,SA,31,U001
103041,1000,400000,5309029.766586076,KR,50,U002
103042,3000,400000,4171112.908886404,SA,31,U001
103043,3000,500000,5519107.100552394,KR,31,U002
103044,2000,400001,5700394.909562141,KR,50,U003
103045,1000,400000,4934748.192566258,SA,31,U003
103046,1000,400001,4987930.139140315,SA,31,U001
103047,3000,400001,3352903.45649343,SA,40,U001
103048,3000,400000,4325247.138674621,KR,50,U002
103049,1000,500000,5674955.533082123,KR,31,U002
103050,1000,400001,4373901.441437968,SA,31,U001
103051,1000,400000,4872126.4622549,KR,31,U002
103052,1000,400001,4313103.8959473865,SA,50,U002
103053,1000,500000,5184652.467865384,KR,40,U001
103054,1000,500000,5314994.044114313,KR,40,U001
103055,2000,500000,5336379.729388147,KR,50,U003
103056,1000,400000,4088511.2323146393,SA,50,U003
103057,3000,400000,5085361.685469243,KR,50,U001
103058,2000,500000,6261255.809057511,SA,50,U003
103059,1000,400000,5598790.990787729,SA,40,U002
103060,3000,500000,5074664.988872871,SA,31,U001
103061,2000,400000,27641764.212025344,SA,31,U003
103062,3000,500000,4800514.817512164,SA,50,U001
103063,1000,400001,50536739.7161447,SA,50,U003
103064,1000,500000,6054885.468810479,SA,31,U001
103065,1000,500000,5369134.6598291695,SA,40,U002
103066,1000,400000,4424535.670324169,SA,50,U003
103067,2000,400000,5041823.185956361,KR,50,U001
103068,2000,400000,44950277.33366737,SA,40,U002
103069,3000,400000,5752431.354903411,KR,40,U003
103070,1000,400000,5250096.244516663,SA,40,U003
103071,3000,400000,5684031.746174119,KR,50,U001
103072,2000,400001,4953045.9362697285,KR,40,U002
103073,1000,500000,4917674.669527467,KR,50,U001
103074,1000,500000,4632867.982582398,KR,50,U003
103075,2000,500000,5339629.465894666,KR,40,U001
103076,2000,400001,5800272.217787057,KR,31,U001
103077,2000,500000,5566755.096588388,SA,40,U002
103078,2000,400001,4025570.8149183122,SA,31,U002
103079,2000,400001,4068420.547861699,SA,40,U003
103080,1000,400001,5882911.906809972,SA,40,U002
103081,2000,500000,5141258.251027554,SA,50,U001
103082,1000,400001,5172518.521181327,SA,50,U003
103083,1000,500000,5154491.70695202,KR,50,U002
103084,2000,500000,6401311.601258852,SA,50,U001
103085,2000,400000,4642972.145475265,KR,50,U001
103086,1000,400000,5893307.308540914,KR,50,U003
103087,2000,400001,5186885.619456134,KR,50,U003
103088,2000,400001,3719589.616587958,KR,31,U002
103089,2000,500000,4340118.175989905,KR,31,U002
103090,3000,400001,4514375.533043244,KR,50,U002
103091,1000,400001,5874486.411572893,SA,31,U002
103092,3000,500000,5981838.245434062,KR,40,U003
103093,2000,400001,5283083.080622672,KR,31,U001
103094,3000,400001,4581781.376254964,SA,50,U001
103095,2000,500000,4271215.10715981,SA,31,U002
103096,3000,500000,5910064.81492928,SA,40,U003
103097,2000,400000,31778864.582937233,SA,31,U002
103098,3000,500000,4916887.772601907,SA,50,U002
103099,3000,400000,6891576.968256006,SA,40,U003
103100,3000,400001,4584170.249569877,SA,40,U001
103101,1000,500000,3982641.416256709,KR,31,U001
103102,3000,500000,3587633.579761457,SA,40,U002
103103,1000,500000,6923203.538264559,KR,40,U003
103104,2000,400001,5278901.679564437,SA,40,U001
103105,3000,400000,4304739.513118844,SA,50,U001
103106,2000,400001,4848690.704681266,KR,40,U003
103107,2000,400001,4469635.345792281,SA,31,U003
103108,3000,500000,3509155.1677657543,SA,31,U001
103109,1000,400000,5630493.946763029,SA,40,U002
103110,3000,400001,5027050.257915846,SA,31,U002
103111,2000,500000,5563987.022974351,SA,40,U001
103112,2000,400001,40041923.1156854,SA,31,U002
103113,3000,400001,5104996.188638841,SA,40,U002
103114,1000,500000,3212142.094368604,KR,40,U003
103115,1000,500000,5726278.201605862,SA,40,U003
103116,2000,400000,4129352.198109385,KR,50,U003
103117,2000,400001,4334333.138468426,KR,31,U002
103118,1000,500000,4577702.156396787,KR,40,U003
103119,3000,500000,3353053.142059612,KR,50,U003
103120,2000,400000,4533954.793709321,KR,50,U001
103121,1000,400000,4478252.710610617,KR,40,U003
103122,2000,500000,4697733.224853862,KR,40,U001
103123,3000,400000,3639056.386207697,SA,40,U002
103124,1000,500000,5742167.106849045,SA,40,U003
103125,2000,400001,5318445.262556458,SA,40,U001
103126,3000,400000,4308767.843712771,KR,31,U001
103127,2000,400001,4534762.870170279,SA,40,U001
103128,3000,400001,5670518.663018479,KR,40,U002
103129,3000,400001,4794019.975103824,KR,31,U003
103130,1000,500000,4007571.336637011,SA,50,U002
103131,3000,400001,4933126.5039321,KR,31,U001
103132,2000,400001,4129725.574566749,KR,50,U002
103133,3000,400001,4433701.460702022,SA,50,U002
103134,3000,500000,4959500.720781928,KR,31,U001
103135,1000,400001,46753353.37539622,SA,40,U003
103136,3000,400001,6618659.795384066,KR,50,U003
103137,3000,400000,6090092.497105844,KR,40,U002
103138,2000,500000,4942515.008958082,SA,31,U003
103139,1000,400001,54447038.72762993,SA,50,U001
103140,1000,400000,5446615.475494631,SA,40,U003
103141,1000,500000,4216249.168549014,KR,50,U002
103142,3000,500000,40605119.054866284,KR,50,U001
103143,1000,500000,35795733.45999439,SA,31,U001
103144,3000,500000,4001675.2589376923,SA,40,U001
103145,3000,500000,4060620.9780334323,SA,40,U002
103146,2000,500000,4882212.6574604465,KR,50,U002
103147,2000,400001,5603364.792490726,KR,40,U003
103148,2000,400001,5854562.604636721,SA,50,U002
103149,2000,400001,4004225.6666468955,SA,31,U001
103150,2000,400001,4757393.05406313,SA,31,U002
103151,3000,400000,5389272.543788046,KR,40,U002
103152,3000,400001,5121486.876601288,SA,31,U003
103153,1000,500000,5555637.093637517,SA,31,U001
103154,3000,400001,4652245.036175314,SA,40,U003
103155,3000,400001,6018332.18808413,KR,50,U003
103156,2000,500000,4996606.382552769,KR,31,U003
103157,3000,400001,5606179.308576966,SA,40,U001
103158,2000,400001,4695381.028314318,KR,40,U003
103159,1000,400001,5046712.7548308065,SA,40,U001
103160,1000,400000,3723179.3188572195,SA,31,U003
103161,3000,400001,4330595.783966423,SA,31,U003
103162,1000,500000,4834029.049173663,SA,50,U001
103163,3000,500000,5080049.234613625,KR,50,U002
103164,1000,400001,7144961.240945257,SA,50,U003
103165,2000,400001,4694480.0057390295,SA,50,U002
103166,2000,400001,3898687.8143994203,KR,50,U003
103167,2000,500000,6361987.775563939,SA,50,U002
103168,2000,500000,5863070.200822745,KR,40,U002
103169,3000,400000,4074790.23727531,SA,50,U002
103170,1000,400000,5372209.655903447,SA,31,U002
103171,3000,400000,5668165.138663613,SA,50,U002
103172,2000,500000,5131060.090799773,SA,31,U001
103173,3000,400000,5260657.536318274,KR,50,U002
103174,1000,400001,4494195.065392704,SA,40,U001
103175,3000,400001,5403031.465777926,KR,40,U003
103176,1000,500000,4606916.576335044,KR,31,U001
103177,3000,400000,2883684.6834447775,KR,50,U002
103178,1000,400001,5157012.777652889,SA,40,U001
103179,1000,500000,3659240.5483618705,KR,40,U002
103180,2000,400000,5810795.330766181,KR,50,U001
103181,1000,400001,4095343.8852518136,KR,31,U003
103182,2000,400000,3037596.632863706,SA,31,U002
103183,2000,500000,3584567.0713149495,SA,31,U002
103184,2000,400000,4966818.673369132,KR,40,U001
103185,3000,500000,5149206.249792055,KR,50,U001
103186,3000,400000,3869890.5469516804,SA,40,U001
103187,3000,400001,4142089.3962061754,KR,40,U001
103188,3000,500000,4993544.889690895,KR,40,U001
103189,1000,500000,5777782.206376505,KR,40,U002
103190,1000,500000,4031934.2554096896,SA,50,U003
103191,3000,400000,5303340.210014315,KR,40,U001
103192,1000,400000,28872379.974533476,KR,40,U002
103193,1000,400001,5252710.989363627,SA,31,U003
103194,2000,500000,5604633.664844754,KR,40,U003
103195,2000,500000,5419365.288578005,SA,50,U001
103196,2000,400000,46364145.79640126,SA,40,U002
103197,2000,400000,5742193.920423074,SA,50,U002
103198,1000,400001,6477545.452760097,KR,50,U002
103199,3000,400001,5086894.735247269,KR,50,U002
103200,1000,400000,6479913.108557635,KR,31,U002
103201,1000,500000,4244720.727930734,KR,31,U003
103202,1000,400001,4835726.605022821,KR,40,U003
103203,2000,400000,4907997.461567947,KR,40,U003
103204,2000,400000,4165772.4326478704,KR,40,U002
103205,2000,500000,3111472.9062287044,KR,50,U003
103206,3000,400000,5695438.689449321,SA,50,U003
103207,1000,400000,4256052.676877873,KR,50,U001
103208,3000,400001,37434694.353389144,KR,40,U003
103209,2000,400000,6267668.211816556,SA,40,U001
103210,3000,400000,5457668.060378249,KR,40,U002
103211,1000,400001,6392169.163788022,SA,40,U002
103212,1000,500000,5096424.827277019,KR,31,U002
103213,2000,500000,5444394.181838167,KR,31,U002
103214,2000,400001,4807462.7539997995,SA,31,U003
103215,3000,400001,4321042.960978783,SA,40,U001
103216,2000,500000,5441434.36330825,KR,31,U002
103217,2000,500000,4651279.032135608,SA,31,U002
103218,1000,500000,5515617.572994979,KR,40,U001
103219,2000,500000,4543624.785609425,KR,31,U001
103220,2000,500000,4859693.397851586,KR,40,U001
103221,1000,400001,4923773.995759539,KR,40,U001
103222,1000,400000,5861572.020036527,KR,40,U001
103223,3000,500000,4660521.08701941,KR,50,U003
103224,2000,500000,5949592.095674094,SA,40,U001
103225,1000,400000,34208948.86143616,SA,31,U003
103226,3000,400000,5215886.073335686,SA,31,U001
103227,3000,400000,4449919.497928969,KR,40,U001
103228,2000,400000,5892596.657791767,SA,50,U002
103229,2000,400000,4345069.203571584,KR,50,U002
103230,3000,400000,4426613.804942266,SA,50,U002
103231,1000,400001,3994958.053203808,KR,31,U002
103232,3000,400000,5082432.491588817,KR,50,U002
103233,2000,400000,5472838.96387948,KR,50,U002
103234,1000,400001,5386503.346952638,KR,40,U001
103235,1000,400000,4884609.632050356,KR,50,U001
103236,3000,500000,4471567.094770146,SA,50,U002
103237,2000,500000,4777056.065833683,KR,50,U002
103238,3000,400000,4807576.381651837,SA,40,U002
103239,3000,400001,5202088.3419376,KR,40,U001
103240,3000,500000,5147082.2483785795,KR,50,U002
103241,1000,400001,6391775.2596674785,KR,31,U002
103242,1000,500000,5031708.852065187,SA,31,U001
103243,2000,400000,5288640.774772168,KR,40,U001
103244,2000,400001,5057164.645124209,SA,50,U003
103245,3000,400001,4738613.152027736,KR,31,U002
103246,3000,400001,5283259.600811156,SA,50,U001
103247,3000,500000,4663471.524841266,SA,40,U003
103248,2000,500000,4953426.1989701195,SA,31,U001
103249,1000,500000,5927414.830782163,KR,40,U003
103250,1000,400000,36893699.65892813,KR,50,U003
103251,3000,500000,5309875.148602454,SA,40,U002
103252,3000,400000,3014920.718010989,KR,40,U002
103253,3000,400001,4851724.871474494,KR,40,U003
103254,3000,400001,4606305.016246786,KR,40,U002
103255,2000,400000,5096208.347441848,SA,31,U001
103256,1000,500000,4811010.578934443,SA,50,U001
103257,3000,400000,5113214.220059505,KR,31,U003
103258,2000,400001,4697066.971177639,SA,50,U003
103259,3000,400001,5309067.759292676,KR,50,U001
103260,3000,400000,3628286.398810488,KR,50,U001
103261,1000,500000,5089129.836864344,SA,50,U003
103262,3000,500000,4250336.60014674,SA,50,U001
103263,1000,400000,5934293.234619253,KR,31,U001
103264,1000,400000,4237428.81129603,KR,50,U003
103265,1000,500000,5796176.547216036,KR,40,U002
103266,2000,400001,4990773.887044215,SA,31,U001
103267,2000,400000,3536989.7414757647,SA,31,U002
103268,1000,500000,4298986.120655101,KR,50,U002
103269,3000,500000,5678240.819303455,KR,40,U001
103270,1000,400001,5632807.059879671,SA,40,U002
103271,3000,400001,3960519.3818156677,KR,50,U003
103272,1000,400001,6250284.580514068,SA,50,U001
103273,3000,400001,4980348.634392093,SA,40,U001
103274,2000,400001,5707876.523360769,KR,31,U002
103275,3000,400000,4030526.92036548,KR,31,U001
103276,1000,500000,4635240.787061549,SA,50,U001
103277,2000,400000,5332723.4162062835,KR,31,U002
103278,3000,400000,4749469.237603496,SA,31,U002
103279,3000,400000,2663367.164423397,SA,40,U001
103280,3000,400000,4847374.130405716,SA,31,U001
103281,3000,400000,3428241.484459567,KR,40,U003
103282,3000,400001,4143445.96672758,KR,50,U003
103283,2000,400001,31021646.126428723,KR,50,U001
103284,2000,500000,5906044.365666565,SA,40,U001
103285,2000,400000,6157084.083955058,SA,40,U003
103286,2000,500000,5273251.145400647,SA,50,U002
103287,1000,400001,4815945.038422245,SA,40,U001
103288,2000,400001,40181368.188695006,KR,50,U003
103289,3000,400001,5905483.868012875,KR,50,U003
103290,3000,400000,3413257.365349835,KR,50,U001
103291,2000,400000,4139918.487617477,SA,50,U001
103292,3000,400001,5803233.92223357,SA,50,U003
103293,2000,500000,5969816.7824783465,KR,50,U001
103294,3000,500000,5471777.040010687,SA,31,U002
103295,1000,400001,4164022.7473185635,KR,31,U001
103296,1000,500000,5791639.18485875,SA,50,U003
103297,2000,400001,6089146.153023081,SA,31,U003
103298,2000,500000,5574600.214003352,SA,40,U001
103299,2000,400001,3004792.2854554905,SA,40,U003
103300,3000,500000,5099675.8471327815,SA,50,U002
103301,2000,400000,5468192.051433452,KR,31,U001
103302,1000,400001,4587506.135742188,KR,40,U001
103303,3000,400001,41194732.31422457,KR,40,U003
103304,2000,500000,4589232.670915063,SA,40,U002
103305,3000,400001,4310725.283290603,KR,40,U001
103306,3000,400001,6208472.653802751,KR,31,U003
103307,2000,400001,5172054.936201813,SA,40,U001
103308,3000,400000,4115216.2830666425,SA,40,U002
103309,1000,400000,31189759.798151582,KR,40,U003
103310,1000,500000,4311214.31572651,KR,50,U001
103311,3000,400000,4315541.30019389,KR,40,U003
103312,2000,500000,5117224.22241707,KR,40,U003
103313,3000,400000,5388445.377751061,KR,31,U002
103314,1000,500000,5387589.47986716,SA,40,U002
103315,3000,400000,35199283.28220934,KR,40,U001
103316,3000,400000,5736504.5716668125,KR,40,U003
103317,1000,500000,5982275.452109163,KR,50,U003
103318,3000,400001,4792029.306384525,KR,31,U003
103319,3000,400001,4174343.3623023806,KR,31,U001
103320,2000,400000,5080226.011633396,KR,50,U002
103321,2000,500000,6728060.9984505335,SA,50,U002
103322,1000,400001,4153361.9456995577,SA,31,U003
103323,1000,500000,4579069.357626536,SA,40,U001
103324,1000,400001,5045947.248238108,KR,31,U003
103325,2000,500000,5433331.21961275,KR,50,U002
103326,1000,400000,3411536.0051835245,SA,40,U003
103327,1000,500000,6044710.15544014,KR,31,U003
103328,1000,400001,6033833.558945136,KR,40,U003
103329,2000,400000,4660165.087367417,KR,40,U002
103330,3000,500000,7165294.63466581,SA,50,U001
103331,1000,400001,47857314.45072507,SA,31,U003
103332,3000,400000,5939559.9463905655,SA,50,U002
103333,1000,500000,5950042.55182481,KR,31,U003
103334,3000,400001,5926972.8469664315,SA,31,U001
103335,2000,500000,4982472.4093741765,SA,40,U003
103336,2000,500000,4903232.003893717,SA,40,U001
103337,1000,400000,4245143.945823871,KR,40,U002
103338,3000,400000,4538102.58381625,SA,50,U001
103339,2000,400001,4751281.854171584,SA,40,U001
103340,1000,400000,5052368.040151813,KR,50,U002
103341,1000,400001,6278636.838002803,SA,40,U001
103342,2000,500000,3318004.142859084,KR,50,U001
103343,2000,500000,6075947.420862091,KR,31,U002
103344,1000,400001,4190499.217179051,SA,50,U001
103345,3000,500000,4916384.12524497,SA,50,U001
103346,3000,400000,4420481.714830719,SA,50,U003
103347,3000,500000,6483421.52757253,KR,31,U001
103348,1000,400000,4600033.783227276,SA,50,U001
103349,2000,400001,5417158.341303369,SA,31,U001
103350,1000,400001,5458613.342620987,SA,40,U002
103351,2000,500000,4071994.5999035523,KR,40,U001
103352,3000,500000,4922583.718289248,KR,31,U002
103353,3000,400000,5963461.01048564,KR,50,U002
103354,2000,400000,4301412.151325614,SA,40,U001
103355,2000,500000,5663172.487585015,SA,50,U001
103356,1000,500000,4735136.0229592575,KR,50,U001
103357,3000,400001,5930923.218429283,SA,31,U001
103358,1000,400001,6397997.553511351,SA,40,U001
103359,1000,400001,3393728.080268441,KR,31,U001
103360,1000,500000,3929491.9279128155,KR,31,U001
103361,3000,500000,4649192.3090161905,KR,31,U002
103362,1000,500000,6172339.536675425,SA,31,U003
103363,1000,400001,5425972.843734355,SA,50,U002
103364,1000,500000,4004198.720823083,SA,40,U001
103365,1000,400000,5543136.260353997,KR,40,U003
103366,1000,500000,4269012.21391857,KR,40,U003
103367,1000,500000,5696425.547372284,SA,50,U001
103368,3000,500000,43449375.98306554,KR,50,U001
103369,1000,500000,4265510.548460134,KR,31,U002
103370,2000,500000,39577891.62545987,SA,31,U003
103371,1000,400000,5979747.009271404,KR,31,U003
103372,1000,400000,3486370.154269398,SA,31,U001
103373,3000,500000,5240887.045694972,KR,40,U001
103374,3000,400001,4114480.5424930863,SA,31,U003
103375,2000,500000,4987049.912600953,KR,50,U003
103376,2000,500000,5366209.789485824,SA,50,U001
103377,3000,500000,6610535.179142673,KR,50,U001
103378,3000,400001,4978961.775329583,KR,31,U001
103379,1000,400001,6172420.52737754,KR,40,U002
103380,3000,400001,4327601.450600795,KR,40,U002
103381,2000,400000,4603983.949613218,KR,31,U001
103382,1000,400001,5469646.876678946,SA,31,U002
103383,2000,400000,5161408.83872557,SA,50,U003
103384,1000,400000,4737264.894538159,SA,50,U003
103385,3000,400001,4715588.443449851,KR,40,U001
103386,2000,400001,6066635.6447348,SA,50,U003
103387,1000,400001,4769246.263177942,KR,50,U003
103388,1000,400000,4183320.5434271223,KR,31,U003
103389,3000,500000,4316099.500593823,SA,40,U003
103390,3000,400001,5535920.908545293,SA,31,U003
103391,3000,400001,54441743.687759705,KR,40,U002
103392,2000,400001,4580813.853361613,KR,31,U002
103393,1000,400000,6718900.42028541,SA,40,U001
103394,3000,400000,4991327.38595214,SA,50,U003
103395,2000,500000,4776150.216016292,KR,40,U002
103396,2000,400001,4271778.342694598,KR,40,U002
103397,2000,400000,4841588.95980068,SA,31,U002
103398,3000,500000,4395087.487878369,KR,40,U003
103399,3000,400001,4330895.340791453,KR,40,U002
103400,1000,400000,3678359.7859154698,SA,40,U001
103401,1000,400001,6412893.347719691,SA,31,U001
103402,3000,400001,5851508.753227183,KR,40,U003
103403,2000,400000,5217280.294097996,KR,31,U001
103404,2000,400000,39078297.84522188,SA,50,U002
103405,2000,400000,4995535.761786562,KR,31,U003
103406,1000,400001,4378472.856886103,SA,40,U001
103407,2000,400001,32743350.400098782,KR,50,U003
103408,1000,500000,5573931.290584726,SA,40,U002
103409,1000,400001,38321774.75140954,KR,31,U001
103410,2000,400000,5260588.570423112,KR,50,U002
103411,2000,400001,3670048.8291014507,KR,50,U001
103412,3000,500000,4747656.958420265,SA,50,U003
103413,3000,500000,4077312.1564500425,SA,40,U001
103414,2000,400000,5387244.601875949,SA,50,U001
103415,1000,400000,5796222.282061748,KR,50,U001
103416,1000,500000,6167759.511371056,KR,50,U003
103417,1000,500000,4496816.213643313,SA,50,U001
103418,1000,500000,4097680.7263741046,SA,31,U002
103419,1000,400000,4665125.113622186,KR,40,U003
103420,3000,500000,4440549.66238903,KR,40,U003
103421,2000,500000,5344986.70091715,KR,50,U002
103422,3000,400000,3877774.1662992784,KR,31,U003
103423,1000,400001,3596483.9501754083,SA,50,U001
103424,1000,400001,4722841.362114101,SA,40,U003
103425,1000,500000,5581204.851519539,KR,40,U002
103426,1000,400001,4178034.6471275045,KR,40,U003
103427,2000,400001,5679290.636485128,KR,50,U002
103428,1000,400001,5292270.187221547,SA,50,U003
103429,2000,400001,6237436.469391499,SA,31,U002
103430,1000,500000,4358196.266850328,KR,31,U003
103431,2000,400001,3714822.50656251,KR,40,U001
103432,3000,400001,5478833.408172087,KR,40,U002
103433,1000,400000,41791197.042206466,KR,31,U002
103434,2000,500000,5161998.405755616,KR,40,U003
103435,3000,400000,4161737.8365965737,KR,31,U003
103436,1000,400000,5620120.485860531,SA,50,U003
103437,1000,500000,4493259.354339943,SA,40,U001
103438,1000,400001,5161648.382941306,SA,40,U003
103439,2000,400000,4632345.510599246,KR,31,U002
103440,2000,500000,5283505.272227468,KR,50,U003
103441,3000,400001,4043895.6389480084,KR,40,U001
103442,2000,500000,5399742.645796794,SA,40,U003
103443,2000,400000,5526071.407619154,KR,31,U003
103444,1000,400001,5092782.526626158,SA,50,U002
103445,1000,400001,6315117.380161355,KR,31,U003
103446,1000,500000,5165728.256649904,KR,50,U001
103447,1000,400001,5735003.008029335,KR,50,U003
103448,1000,400000,5073933.438239238,SA,31,U003
103449,1000,400000,5663519.091203777,SA,31,U002
103450,1000,400000,3773356.54747086,SA,50,U003
103451,3000,500000,5026355.83790007,KR,31,U002
103452,3000,400001,4098451.709761311,SA,40,U002
103453,3000,400001,5112341.756489428,KR,40,U003
103454,3000,400001,5307354.168008058,KR,40,U002
103455,1000,400000,5645998.090436684,SA,40,U002
103456,3000,400001,5391927.941124465,SA,40,U003
103457,1000,400000,4730517.628178287,KR,31,U003
103458,3000,400001,4397123.609311352,KR,50,U001
103459,2000,400000,3125981.20020667,KR,31,U001
103460,3000,400001,5055082.062280442,KR,40,U002
103461,3000,500000,5910289.371447227,SA,40,U002
103462,1000,500000,40693718.18654844,SA,31,U003
103463,3000,400000,4932198.6470174305,SA,31,U001
103464,2000,400000,40915566.64671623,KR,50,U001
103465,1000,400001,4689832.480045523,KR,40,U003
103466,1000,400001,5155974.308672444,KR,31,U003
103467,3000,500000,4676029.070949927,SA,50,U003
103468,1000,400001,4280894.8807827355,KR,40,U003
103469,1000,400000,4939761.124286467,KR,40,U001
103470,1000,400000,4922317.647508265,SA,40,U003
103471,1000,400000,6500136.06970103,SA,31,U003
103472,1000,400000,4355448.00559831,KR,40,U001
103473,1000,400000,4872446.636785598,SA,40,U003
103474,2000,500000,4794667.738910783,KR,50,U001
103475,3000,500000,4641853.733935647,SA,31,U001
103476,2000,400000,5410484.1912853215,KR,50,U003
103477,1000,400001,6790370.414259374,SA,31,U003
103478,1000,400000,4743338.242663512,SA,40,U002
103479,3000,500000,5412715.593295631,SA,50,U002
103480,2000,400000,3470102.407242231,SA,31,U001
103481,3000,500000,4685176.376012775,KR,31,U001
103482,2000,500000,6244192.91168976,KR,40,U002
103483,1000,400000,4956015.685241615,SA,40,U001
103484,3000,400000,5401872.012007433,KR,50,U002
103485,3000,400001,4501799.091096649,SA,50,U003
103486,1000,500000,5206045.753485172,SA,31,U003
103487,3000,400001,6306220.997428865,KR,50,U003
103488,2000,400000,4071933.6301847184,KR,40,U001
103489,2000,500000,6749234.004140631,KR,50,U003
103490,2000,400001,3763244.6544847665,KR,50,U001
103491,2000,400001,4611598.525211593,KR,31,U003
103492,1000,400001,4331266.252176331,KR,40,U001
103493,3000,400000,4782031.214586205,KR,31,U001
103494,2000,400000,4320877.6997407405,SA,40,U002
103495,1000,400000,4260224.269205641,KR,40,U002
103496,3000,500000,4050602.7155907033,SA,31,U002
103497,3000,400000,5515242.902844977,KR,50,U001
103498,1000,500000,4809633.603247535,KR,31,U002
103499,1000,400001,4600391.664240394,SA,50,U002
103500,2000,400001,5225805.528465729,SA,31,U002
103501,3000,400000,3804291.591127552,SA,31,U001
103502,3000,400001,41960784.28138462,SA,50,U001
103503,1000,400000,4924984.479183003,KR,50,U002
103504,3000,500000,4949569.735976618,KR,50,U002
103505,2000,400001,5415333.400725557,SA,31,U001
103506,3000,400000,6314819.207034794,SA,50,U001
103507,1000,400001,5258379.7935638875,KR,50,U002
103508,1000,400001,4840100.393756174,KR,50,U002
103509,2000,400000,4053884.4899392524,SA,40,U002
103510,2000,400001,3087345.659492979,KR,50,U001
103511,3000,400001,5102307.33373029,KR,50,U002
103512,3000,400001,3992293.327855306,SA,50,U001
103513,1000,400001,2967789.236598283,SA,40,U003
103514,2000,500000,4719303.661520594,SA,40,U002
103515,2000,400001,5191585.388609502,SA,50,U003
103516,2000,400001,5595443.053228753,KR,50,U001
103517,3000,400000,5849000.570883618,SA,50,U003
103518,2000,500000,5700569.730876039,KR,50,U002
103519,1000,400000,5722060.023683254,KR,40,U003
103520,1000,400000,3825543.9899290777,KR,50,U003
103521,3000,400000,4880323.490074594,KR,40,U003
103522,3000,500000,5463868.45327569,SA,31,U001
103523,2000,400000,40296797.53692992,KR,40,U002
103524,3000,400000,4875880.578733999,SA,31,U001
103525,1000,400000,5022472.015929847,KR,40,U003
103526,2000,400001,5196427.198567321,SA,40,U003
103527,1000,400000,4938485.0356514715,KR,40,U001
103528,2000,500000,4322976.514072747,KR,50,U001
103529,3000,500000,3637740.714289901,SA,40,U003
103530,2000,400001,4836778.2708230065,SA,50,U002
103531,2000,500000,5045986.203444219,SA,40,U001
103532,1000,500000,5037263.665180753,SA,40,U003
103533,1000,400001,5762336.850865769,KR,31,U003
103534,2000,400000,5904485.040818341,KR,40,U002
103535,3000,400001,4916781.756984605,KR,50,U003
103536,3000,400000,4922508.130802553,KR,31,U001
103537,1000,400000,43668023.037252165,KR,31,U003
103538,3000,500000,5341238.70361438,SA,40,U003
103539,1000,400001,4645953.438558932,SA,40,U003
103540,3000,500000,5527211.068911021,KR,31,U003
103541,2000,500000,4882900.472840414,SA,50,U002
103542,1000,400000,4899911.409039818,KR,40,U001
103543,1000,500000,5346891.036070912,KR,31,U003
103544,2000,400001,4759066.704205395,SA,50,U001
103545,1000,500000,5075738.005992003,KR,40,U002
103546,3000,500000,5238035.445153239,SA,31,U001
103547,3000,400000,5653742.847572968,KR,31,U002
103548,1000,400001,5598512.46422022,SA,40,U001
103549,3000,500000,5213635.581414664,KR,50,U001
103550,1000,400000,2912985.012447849,KR,50,U003
103551,2000,500000,5194680.655776963,SA,31,U001
103552,1000,400001,5318308.743156728,KR,50,U003
103553,2000,500000,5480743.077704302,KR,31,U003
103554,3000,500000,4235180.029814362,SA,40,U001
103555,2000,400000,3302339.158064086,SA,50,U003
103556,3000,500000,5644936.008626933,SA,40,U001
103557,1000,400000,4020378.7252296344,KR,31,U003
103558,3000,400001,5977735.635454252,SA,40,U003
103559,1000,500000,4537078.491352936,SA,50,U002
103560,1000,400001,4178261.633318478,SA,40,U002
103561,2000,400001,5279697.578028789,KR,50,U001
103562,2000,500000,5492940.868003509,SA,50,U003
103563,2000,400000,5445262.417660463,KR,50,U002
103564,2000,400001,5401288.324748728,KR,50,U002
103565,3000,400001,4433767.75419736,SA,50,U002
103566,3000,500000,3778472.162970244,KR,31,U003
103567,3000,500000,4688268.483760706,KR,40,U001
103568,1000,500000,4083433.769587609,KR,31,U003
103569,3000,500000,5346038.947919549,KR,40,U003
103570,3000,500000,5699398.248653663,KR,40,U002
103571,3000,500000,5138157.320095042,SA,40,U003
103572,2000,400000,4999244.148448467,SA,31,U003
103573,3000,400001,4751653.937190615,SA,50,U002
103574,1000,400000,5784279.415631036,KR,50,U002
103575,2000,400000,3535625.009084533,SA,31,U003
103576,1000,500000,4035079.1680025402,KR,50,U002
103577,3000,400001,6461386.642186869,KR,40,U001
103578,2000,400000,3996032.5033570663,KR,50,U001
103579,1000,500000,5424829.465976062,KR,50,U001
103580,3000,500000,5589432.086653536,SA,50,U001
103581,1000,400001,27671993.14443735,KR,40,U001
103582,1000,400000,3612561.6990906685,SA,50,U002
103583,1000,400000,6011771.47247752,SA,50,U002
103584,3000,400000,4221645.067796208,KR,50,U001
103585,3000,500000,4243494.704188144,SA,31,U001
103586,1000,400001,4583299.081320706,SA,31,U001
103587,2000,400001,4223614.365456546,SA,50,U002
103588,2000,400000,5421014.142942264,KR,31,U002
103589,3000,500000,4054369.9527545283,KR,31,U003
103590,3000,400000,3427391.577514022,KR,40,U003
103591,3000,400001,5925085.213752627,SA,31,U003
103592,3000,500000,4093671.3870456233,SA,31,U003
103593,3000,400000,4398384.986666456,KR,50,U002
103594,2000,400000,5663886.347697964,KR,40,U002
103595,3000,500000,5056195.11073729,SA,40,U002
103596,1000,400001,5889873.006888267,KR,40,U002
103597,1000,500000,5676113.683989387,KR,31,U001
103598,2000,400000,4637255.483473235,SA,50,U003
103599,1000,400000,5817535.905988813,SA,40,U002
103600,2000,400000,5134218.518234445,KR,40,U002
103601,2000,400000,4521289.673047724,KR,31,U003
103602,1000,400001,5232321.298374811,KR,40,U002
103603,3000,400001,3952429.9841260053,KR,50,U001
103604,1000,400000,5667078.161980312,SA,40,U002
103605,1000,400001,5563295.030678244,KR,50,U003
103606,2000,400001,5096286.753187069,KR,50,U001
103607,1000,400001,3465381.5800768146,SA,50,U001
103608,2000,400000,5923523.829694759,SA,31,U003
103609,3000,500000,5349674.147405967,SA,31,U003
103610,3000,500000,4981633.322497692,SA,50,U001
103611,3000,500000,4855466.816656767,SA,50,U002
103612,1000,400000,4570624.618155518,SA,40,U003
103613,2000,400001,4724423.389983903,SA,40,U001
103614,3000,400001,5615373.354316112,KR,40,U003
103615,2000,400000,36692953.32551027,KR,31,U002
103616,2000,400000,4780558.28576287,SA,40,U002
103617,3000,500000,4897925.37895453,KR,50,U001
103618,3000,500000,4919842.191023951,KR,50,U002
103619,2000,400000,4505750.467018916,SA,31,U002
103620,3000,500000,4863840.444897282,SA,31,U002
103621,2000,400001,5274651.156720923,SA,40,U003
103622,2000,400000,4276156.320159042,SA,31,U001
103623,3000,400000,4867543.50617443,SA,50,U001
103624,1000,400001,6544787.36569688,KR,50,U001
103625,3000,400001,4949484.527836205,KR,31,U002
103626,1000,400001,4255661.564110417,SA,50,U003
103627,2000,500000,4162070.546165721,SA,31,U001
103628,2000,400000,3987843.9423738467,KR,50,U003
103629,1000,500000,6301693.249337805,KR,40,U001
103630,2000,400001,5806417.911773076,KR,31,U002
103631,1000,500000,3968299.9460606286,SA,31,U001
103632,1000,400001,5170965.035470592,SA,31,U001
103633,2000,500000,5979868.846962327,KR,50,U002
103634,1000,500000,4967625.510874024,SA,40,U002
103635,3000,400001,4606708.797817652,KR,31,U001
103636,3000,500000,54341757.750261456,SA,50,U003
103637,2000,400000,3475724.1410729177,SA,31,U002
103638,2000,500000,56848516.949312985,KR,50,U001
103639,1000,500000,5047999.367085204,KR,40,U002
103640,1000,400000,6032344.104235614,SA,50,U003
103641,1000,400001,4039509.4565741397,KR,50,U001
103642,1000,400000,4419532.561560551,SA,31,U001
103643,3000,500000,4136034.6058241595,KR,50,U003
103644,3000,400001,4919175.0567927,KR,31,U003
103645,2000,500000,5246180.912087008,SA,50,U001
103646,1000,500000,5853441.597282098,SA,40,U003
103647,1000,400000,3630835.5213049846,SA,50,U003
103648,2000,400000,5125507.150193672,KR,31,U001
103649,1000,400001,5715927.094359447,KR,50,U002
103650,1000,400001,46925990.21545172,SA,50,U003
103651,1000,400001,4647584.574701258,KR,40,U002
103652,1000,500000,4657539.042109508,SA,31,U002
103653,1000,400000,4926380.3681318825,SA,40,U002
103654,2000,400000,5148842.163528206,SA,50,U003
103655,1000,400000,6042078.24929993,SA,40,U001
103656,2000,400001,4031923.498034389,SA,50,U001
103657,1000,400000,4370997.02111476,KR,50,U001
103658,3000,400000,3934870.9514836543,KR,40,U001
103659,3000,400000,5342203.268030675,SA,40,U001
103660,3000,400001,5881094.5538091045,KR,50,U001
103661,3000,400000,3863226.5965037765,SA,40,U002
103662,2000,400001,5070962.645516964,KR,40,U002
103663,2000,400000,5823202.59198253,KR,50,U002
103664,1000,400000,5627637.442362426,SA,31,U003
103665,3000,400000,5618203.086292125,KR,40,U003
103666,2000,400001,4048099.6616854016,SA,40,U003
103667,1000,400001,5615547.528734508,KR,31,U001
103668,1000,400000,38810076.686815925,SA,40,U002
103669,2000,500000,5856129.451643424,SA,50,U003
103670,3000,400001,5359333.244187786,SA,40,U002
103671,1000,400001,4347599.3893522555,SA,50,U001
103672,3000,400000,5223049.564443605,SA,31,U002
103673,3000,500000,5654812.84836193,SA,31,U001
103674,3000,400000,4594908.744737466,KR,31,U003
103675,1000,400001,5103041.593696757,SA,40,U001
103676,3000,400001,3930712.338440815,KR,31,U001
103677,1000,400000,5439225.547704543,SA,40,U002
103678,3000,400000,4954989.029099161,KR,40,U001
103679,1000,500000,5731269.114103623,SA,40,U003
103680,3000,500000,5416693.4447019035,SA,31,U003
103681,2000,400001,4674261.444849428,KR,31,U001
103682,3000,500000,4322904.889319568,SA,40,U002
103683,3000,500000,4138879.866139453,SA,31,U003
103684,1000,400001,4594062.400440995,SA,40,U003
103685,1000,400001,5709677.362228607,SA,31,U001
103686,3000,400001,3594986.1170368157,KR,50,U001
103687,2000,400001,4171420.1778888553,SA,31,U003
103688,2000,400000,5687199.5413256325,KR,31,U001
103689,1000,400001,6063161.8158011325,SA,31,U001
103690,2000,400001,4213473.0534210205,SA,40,U003
103691,3000,400001,4162552.741774746,SA,40,U002
103692,1000,500000,6125728.191657523,SA,50,U002
103693,3000,400001,4901124.464346095,KR,50,U003
103694,1000,400000,4284366.096698276,SA,50,U001
103695,1000,400000,5835694.311510896,SA,40,U003
103696,1000,400001,5402784.6372831995,SA,50,U003
103697,1000,400000,5589323.221308243,KR,50,U001
103698,2000,500000,4326048.334592256,KR,31,U002
103699,3000,400001,5299860.272863444,KR,50,U002
103700,3000,400000,5997028.928738528,KR,31,U001
103701,3000,400000,5512635.488518575,SA,40,U003
103702,1000,400001,5735895.934682472,SA,40,U001
103703,2000,400000,6122514.039970322,KR,31,U003
103704,3000,400001,5342135.775804284,SA,50,U001
103705,2000,400000,4547903.258094001,SA,40,U001
103706,1000,500000,5701688.922825563,KR,31,U002
103707,3000,400000,32923485.754236005,SA,40,U002
103708,2000,400000,4822144.404897833,KR,40,U001
103709,1000,400001,5470463.383303328,KR,50,U001
103710,2000,400000,2426096.8885683054,KR,40,U002
103711,3000,400001,5201970.6922771735,KR,31,U003
103712,3000,500000,5239700.8575422475,KR,50,U002
103713,1000,400001,4091252.0627501784,KR,31,U003
103714,1000,400001,5260688.473399451,SA,31,U002
103715,1000,400000,5151958.801004846,SA,31,U002
103716,2000,500000,5027177.424306912,SA,50,U003
103717,2000,400001,5951547.043009475,KR,40,U001
103718,2000,400000,5703127.485213762,KR,31,U002
103719,1000,400000,5511986.280570673,KR,40,U002
103720,3000,400001,4180622.7766057095,SA,40,U002
103721,3000,400000,4986126.931853027,SA,31,U001
103722,2000,400001,5947547.79176472,KR,40,U002
103723,2000,400001,4828270.542654966,KR,50,U001
103724,3000,400001,49947276.92424685,KR,50,U002
103725,3000,500000,5535354.725121201,KR,40,U003
103726,2000,400001,6367648.450313795,KR,40,U002
103727,2000,400000,4146134.2216121675,SA,50,U002
103728,3000,500000,4876273.969100235,KR,40,U001
103729,1000,400000,4951895.181593559,KR,40,U001
103730,2000,500000,5484938.645148163,KR,40,U001
103731,3000,500000,4409121.934493991,KR,40,U003
103732,3000,500000,29711314.943766538,SA,31,U003
103733,3000,500000,5302558.165582767,KR,40,U001
103734,3000,400000,4706821.401663946,KR,50,U003
103735,1000,400001,36987538.93247893,KR,31,U001
103736,3000,400000,4445752.867710989,SA,31,U003
103737,2000,400001,5099111.006280594,KR,50,U001
103738,1000,400000,4138513.976836685,SA,40,U001
103739,3000,500000,4844643.402372245,KR,31,U003
103740,1000,500000,4337029.6147297425,KR,31,U002
103741,2000,400001,4512658.0688108485,KR,40,U001
103742,3000,400001,5283048.147818366,KR,40,U001
103743,2000,400000,5521127.889682236,KR,50,U002
103744,3000,400001,4755116.058689246,KR,31,U001
103745,3000,400000,5774264.31480443,KR,40,U001
103746,3000,400001,4221829.127250312,KR,40,U003
103747,3000,400001,3784081.1159997433,KR,50,U002
103748,3000,400001,3930939.8507873537,SA,31,U001
103749,1000,500000,4139674.566308926,SA,40,U001
103750,3000,500000,3949685.4127069763,SA,50,U002
103751,3000,400000,6616923.134316997,SA,31,U002
103752,1000,400001,3759823.36992286,KR,31,U003
103753,1000,400000,5749943.1227175305,KR,31,U003
103754,1000,400001,39839175.36571344,SA,31,U003
103755,1000,500000,5179680.373534328,SA,50,U001
103756,1000,500000,4275416.2298316285,SA,40,U002
103757,1000,400001,5260362.179915748,SA,31,U003
103758,3000,400001,4268865.155943441,KR,31,U002
103759,3000,500000,5738212.945622757,SA,40,U001
103760,2000,500000,5804410.782283387,KR,31,U001
103761,3000,400000,4892110.450507263,KR,31,U002
103762,3000,500000,4944508.715716577,KR,40,U002
103763,1000,400001,5346179.119541467,SA,40,U003
103764,1000,400000,5305287.54244623,SA,31,U002
103765,3000,400001,5819317.098506893,KR,40,U003
103766,2000,400000,5796676.740168239,SA,50,U002
103767,1000,400001,4976927.255456707,SA,50,U002
103768,3000,500000,4618220.4120360445,KR,31,U002
103769,3000,400001,5649295.830289181,KR,31,U001
103770,2000,400000,4874971.400890052,SA,40,U001
103771,2000,400001,5090995.15382922,KR,40,U001
103772,1000,400000,5424252.979080873,SA,31,U003
103773,2000,400001,5780445.577660286,SA,31,U003
103774,3000,500000,5208678.513526629,KR,50,U001
103775,3000,500000,4530241.643300891,KR,40,U001
103776,2000,400001,6437608.275091561,SA,31,U002
103777,2000,400001,6224273.44923473,KR,31,U002
103778,2000,400001,4185597.3141980013,SA,40,U003
103779,2000,400000,4270582.738460506,KR,40,U003
103780,1000,400001,4371189.214512741,SA,31,U002
103781,2000,400001,5678840.713371849,KR,31,U003
103782,1000,400000,6468114.5533788,SA,31,U001
103783,3000,500000,4594981.386263027,SA,40,U002
103784,2000,400001,5135414.686332459,KR,31,U002
103785,1000,400001,4397915.311787264,SA,31,U003
103786,2000,500000,6360154.211906366,SA,31,U002
103787,3000,500000,5659862.673501186,SA,50,U002
103788,3000,400000,4340291.548876912,SA,50,U001
103789,3000,400001,3318127.111238118,SA,40,U002
103790,2000,400001,5830069.646209253,KR,31,U002
103791,2000,400000,4542012.155028459,SA,31,U002
103792,1000,500000,5674185.735368741,SA,40,U002
103793,3000,400000,5234952.269480332,SA,40,U001
103794,2000,500000,3532563.1738207582,KR,40,U002
103795,3000,400000,4354578.614554377,KR,31,U001
103796,3000,500000,37733474.0013691,SA,50,U001
103797,1000,400000,4459368.008598938,SA,40,U001
103798,1000,500000,5092934.627908308,KR,31,U003
103799,1000,500000,5321105.156921055,KR,40,U003
103800,1000,500000,6431487.9500056645,SA,31,U002
103801,3000,500000,5377770.781501174,KR,40,U001
103802,1000,500000,6192880.852575901,SA,31,U003
103803,1000,400001,4618546.5715669645,SA,40,U002
103804,1000,500000,5932170.73081094,SA,50,U003
103805,1000,400001,4695041.5276080575,KR,40,U001
103806,3000,500000,4266386.558819503,SA,40,U002
103807,1000,400001,4232578.593431012,SA,50,U001
103808,3000,400001,2886435.7931652255,KR,40,U001
103809,2000,400000,5683266.098352127,SA,50,U003
103810,3000,500000,3967843.970927993,SA,31,U002
103811,3000,400000,6126516.187690973,SA,50,U002
103812,1000,400000,4860623.598143567,KR,50,U002
103813,2000,500000,3756108.2014921927,KR,31,U003
103814,2000,400000,4105815.8695676196,SA,50,U002
103815,2000,500000,5152507.953851464,KR,50,U003
103816,2000,400000,3496034.0219648927,SA,31,U002
103817,3000,500000,5471956.00556349,SA,40,U003
103818,2000,500000,3786934.16955244,KR,40,U002
103819,3000,500000,4408818.934508381,KR,50,U003
103820,3000,400001,5158976.268299912,SA,40,U001
103821,3000,400000,5374088.552138559,KR,40,U001
103822,2000,400001,5638175.83700875,KR,50,U001
103823,1000,400000,31638105.513516244,KR,31,U002
103824,1000,400000,4753237.76559026,SA,40,U003
103825,2000,400000,5874399.6015873,SA,50,U001
103826,1000,400001,4753430.427187095,KR,31,U002
103827,1000,400000,5235419.56096357,SA,40,U003
103828,3000,400001,5129951.406755255,SA,31,U001
103829,3000,500000,6040989.721032927,KR,50,U001
103830,2000,400000,4627272.644659503,SA,31,U002
103831,2000,400000,3888040.8570375713,KR,31,U003
103832,1000,500000,33805619.90313025,SA,50,U002
103833,3000,500000,5151075.1839868175,SA,40,U001
103834,2000,400000,3744367.4029359543,KR,40,U002
103835,2000,500000,4564468.811946022,SA,31,U002
103836,2000,400001,40482664.91503487,KR,31,U001
103837,2000,400001,4386726.316285274,SA,31,U001
103838,2000,400000,5261482.598202667,SA,31,U003
103839,2000,400001,5579529.409878628,SA,40,U003
103840,1000,400001,5363926.87996214,KR,50,U001
103841,3000,400000,3761996.0319582177,SA,50,U001
103842,3000,500000,5063345.7500557015,SA,50,U003
103843,2000,400000,5125953.845471,KR,31,U002
103844,3000,400001,4695255.905430006,KR,31,U001
103845,3000,400000,5250648.810285097,SA,50,U001
103846,3000,400000,5221939.660596486,KR,40,U002
103847,2000,400001,4927299.810509627,KR,50,U003
103848,2000,400001,4196582.657589344,KR,40,U003
103849,3000,400000,4978703.238159894,KR,31,U002
103850,3000,400001,6493544.74213953,SA,50,U001
103851,2000,400001,4686154.3767874455,KR,50,U002
103852,1000,400001,5837844.366540805,SA,31,U001
103853,3000,400001,5031085.6164540965,SA,40,U003
103854,1000,400001,4359416.819730913,SA,50,U001
103855,3000,400001,38101781.131395966,KR,50,U001
103856,1000,500000,4986503.701033519,KR,40,U001
103857,1000,400000,44193353.384184994,SA,50,U001
103858,1000,400001,6904036.359055463,SA,50,U001
103859,2000,400000,5043731.684811419,KR,31,U003
103860,1000,500000,4015312.614966755,KR,40,U002
103861,1000,400001,3676338.0789774526,SA,50,U003
103862,1000,400000,4662572.344537387,KR,50,U001
103863,3000,400001,4097529.6800133702,KR,31,U002
103864,1000,400001,5446325.038031411,SA,50,U001
103865,3000,400001,5452204.578805132,KR,31,U003
103866,1000,400001,4883219.654153851,KR,50,U003
103867,1000,400001,5525909.150319683,SA,31,U001
103868,2000,400001,40414459.825722896,KR,40,U001
103869,3000,400001,6494059.036294685,SA,40,U002
103870,1000,500000,5500899.957084027,KR,50,U002
103871,3000,500000,5716493.660918616,SA,50,U001
103872,3000,400001,3841498.0713438094,KR,31,U002
103873,2000,400001,4063011.6422166093,SA,31,U001
103874,2000,500000,5383070.740883579,KR,40,U001
103875,2000,500000,3760621.193434936,KR,50,U001
103876,2000,500000,4500419.325699918,KR,31,U003
103877,2000,400001,5943530.09047071,SA,40,U001
103878,2000,400000,4483315.360235631,KR,40,U001
103879,2000,400000,4032213.8349703113,SA,31,U001
103880,2000,400000,5534034.649044652,KR,50,U002
103881,1000,400000,6658825.796832676,KR,40,U001
103882,3000,400001,4353083.87450997,KR,31,U003
103883,2000,400000,5979220.638514269,KR,40,U003
103884,2000,500000,4253460.026748369,KR,50,U001
103885,3000,500000,4910025.775114389,KR,31,U001
103886,1000,400000,4944693.648239083,SA,50,U001
103887,3000,500000,4374414.607934427,SA,50,U003
103888,3000,400001,5700316.249238511,KR,40,U002
103889,2000,400000,3768223.2715807157,KR,50,U002
103890,3000,400000,5156038.088127263,KR,40,U001
103891,3000,400001,5859331.662554342,KR,31,U002
103892,2000,500000,5633730.775395364,KR,31,U003
103893,2000,400001,5392972.048628526,SA,40,U001
103894,2000,400001,6268239.51456107,KR,40,U002
103895,2000,500000,4824306.106335452,KR,40,U001
103896,3000,400001,3780219.081106621,SA,50,U001
103897,3000,500000,5108165.508457563,SA,31,U003
103898,1000,500000,4899390.151556248,SA,31,U003
103899,1000,400001,3307343.543168111,KR,50,U002
103900,3000,500000,4099918.99159329,KR,40,U003
103901,1000,400001,3997899.170946437,KR,31,U001
103902,3000,500000,4348373.659589721,KR,50,U003
103903,1000,400000,37752484.70976837,KR,40,U002
103904,2000,500000,4749700.831036487,SA,31,U002
103905,1000,500000,4376956.217117289,KR,40,U002
103906,2000,400001,3996849.1670130626,KR,50,U003
103907,2000,500000,5301961.367007261,KR,31,U003
103908,2000,400000,5093257.488978145,SA,40,U003
103909,2000,400000,5117337.198925633,KR,40,U003
103910,1000,500000,6423208.975467384,KR,40,U003
103911,3000,500000,5130299.242831829,KR,50,U002
103912,2000,400000,4706673.7821756005,KR,40,U002
103913,1000,400001,4915355.206063063,SA,31,U003
103914,2000,400000,5079055.376943667,SA,31,U001
103915,1000,400000,5492634.6785690915,SA,40,U002
103916,1000,500000,4964223.658525888,KR,50,U001
103917,1000,500000,3445663.2795873713,SA,31,U001
103918,3000,400000,4650601.501400619,SA,31,U002
103919,1000,400001,5001194.540290763,KR,31,U001
103920,1000,400000,6043361.252521318,KR,40,U001
103921,3000,400000,4371283.483242891,SA,31,U002
103922,3000,400001,3691791.311503497,SA,40,U002
103923,1000,400000,5051501.76524858,SA,40,U003
103924,3000,400000,5692989.53720697,SA,40,U002
103925,2000,500000,4685261.646878083,KR,40,U001
103926,2000,400001,6906439.589629956,KR,40,U002
103927,3000,500000,6717998.452791711,SA,31,U003
103928,3000,500000,4942021.828360866,SA,40,U002
103929,1000,400001,41194964.20373261,SA,40,U001
103930,3000,400001,6094985.179366915,KR,40,U002
103931,1000,400000,4928132.218295896,KR,40,U001
103932,2000,500000,4356729.186197186,KR,40,U002
103933,3000,400001,5711145.52498821,SA,40,U003
103934,1000,500000,5371530.273948236,KR,31,U003
103935,1000,500000,4354124.1503873505,SA,40,U002
103936,2000,400001,5223331.336199807,SA,40,U001
103937,3000,400000,4871951.585113377,KR,31,U003
103938,2000,500000,4691923.446926107,SA,31,U001
103939,1000,400001,4371328.297332927,KR,50,U002
103940,1000,400000,5097122.489298039,KR,31,U003
103941,3000,500000,4787314.10648841,SA,31,U003
103942,1000,400001,5227765.261406983,SA,40,U001
103943,3000,500000,5655870.097651981,KR,50,U003
103944,2000,400001,5185253.095544718,KR,40,U001
103945,3000,400001,5198947.67950106,KR,50,U001
103946,3000,500000,4567058.345466019,KR,40,U002
103947,1000,500000,5939484.8116118945,KR,31,U001
103948,1000,400001,4321176.543216987,KR,31,U003
103949,3000,400000,3710406.398553497,KR,50,U001
103950,1000,500000,4143213.21551673,SA,40,U003
103951,1000,400001,5827411.129146297,KR,40,U001
103952,1000,400001,5367118.256158619,SA,31,U002
103953,3000,400000,6049554.098345645,SA,31,U002
103954,1000,400000,31532470.238933533,KR,50,U001
103955,3000,400000,6856174.576213984,KR,31,U001
103956,1000,500000,4773052.651807717,KR,50,U001
103957,2000,400001,3591725.2252468867,KR,50,U002
103958,1000,400001,6756626.533580521,KR,50,U001
103959,1000,400001,3951918.1907685306,SA,50,U001
103960,3000,400000,4681683.42918623,SA,31,U003
103961,3000,400001,4835398.207648267,KR,50,U002
103962,1000,500000,5355266.514000263,KR,31,U002
103963,2000,400000,4366957.219253309,KR,50,U001
103964,1000,400000,5831450.583020622,KR,31,U001
103965,1000,400000,5602908.935608595,SA,50,U003
103966,2000,400000,5015253.455824372,SA,31,U001
103967,3000,500000,6059463.547569197,SA,40,U002
103968,1000,400001,4945714.623329543,KR,50,U003
103969,3000,500000,4779483.317193034,KR,50,U002
103970,3000,400001,6598482.213327066,KR,40,U001
103971,2000,500000,5236588.83383191,SA,40,U003
103972,2000,400000,33691831.15012692,SA,50,U002
103973,3000,400000,4319784.575842555,SA,31,U002
103974,1000,500000,5015166.512522201,KR,50,U002
103975,3000,500000,3081601.379310107,SA,31,U001
103976,1000,400001,4493608.427827929,KR,40,U001
103977,1000,500000,4919684.809226495,SA,31,U001
103978,2000,500000,4866241.983745827,KR,50,U001
103979,1000,400001,3994045.401805351,KR,40,U002
103980,1000,400001,4641187.366848108,KR,40,U003
103981,3000,400001,5943843.117732309,KR,50,U001
103982,2000,500000,5778519.06427431,SA,50,U003
103983,1000,400001,5076493.115783219,SA,40,U002
103984,1000,400000,4944872.018887207,SA,31,U001
103985,2000,400000,4870698.6012304835,KR,31,U002
103986,3000,400000,5189048.050075939,SA,31,U001
103987,2000,500000,5082055.075739608,KR,50,U001
103988,2000,400000,5259312.776696822,SA,40,U003
103989,1000,500000,5401435.339951085,SA,31,U002
103990,1000,500000,4031114.0086502396,KR,40,U002
103991,3000,400000,4751785.046708239,KR,31,U002
103992,1000,400001,5158329.927916958,KR,40,U003
103993,1000,500000,4227331.938621166,SA,50,U003
103994,2000,400000,4460942.916512495,KR,50,U002
103995,1000,500000,4825682.633905144,SA,50,U002
103996,3000,400001,4864932.273410762,SA,31,U001
103997,2000,400001,5173282.229513051,SA,50,U001
103998,3000,400000,4321575.389633636,KR,50,U003
103999,2000,500000,46195330.9113263,SA,50,U001
104000,1000,500000,4858339.287592938,KR,40,U002
104001,2000,500000,5116158.16128432,KR,40,U002
104002,2000,500000,4704134.046655023,SA,40,U001
104003,1000,400000,5188520.600154011,SA,40,U001
104004,1000,400001,6336976.927552504,SA,40,U003
104005,3000,400000,4696704.925909659,SA,40,U001
104006,3000,500000,4564402.916464251,KR,40,U003
104007,1000,500000,4335875.556017854,KR,50,U001
104008,1000,400001,4952302.520253497,KR,50,U001
104009,1000,500000,4943037.055784227,KR,31,U001
104010,2000,400000,5041154.411678545,KR,50,U001
104011,2000,400000,42996837.63031242,KR,40,U002
104012,2000,400001,5273734.485637925,KR,40,U002
104013,1000,400000,4981982.814773834,KR,31,U002
104014,3000,400000,6563041.254431129,KR,50,U001
104015,1000,400000,5552544.227273658,SA,50,U003
104016,2000,400000,4128592.045727471,SA,31,U001
104017,2000,500000,3763838.411390192,KR,40,U002
104018,1000,400000,4443480.699572466,KR,40,U003
104019,1000,400001,5122126.704040103,SA,40,U003
104020,2000,400001,4376400.2752257725,SA,40,U002
104021,2000,400000,4497898.204154758,SA,31,U001
104022,2000,400001,5020853.630861187,KR,50,U003
104023,1000,400000,37811374.983127825,SA,40,U003
104024,2000,400001,3361839.4060252346,SA,50,U002
104025,2000,400001,5861741.22279391,SA,50,U003
104026,3000,400000,5675965.512725465,SA,40,U003
104027,1000,400000,3971903.313349574,SA,40,U003
104028,3000,500000,5045512.879726297,KR,40,U001
104029,3000,400000,4106758.775770649,SA,50,U001
104030,2000,400000,4512962.73611602,KR,31,U002
104031,1000,500000,43111378.88547426,SA,40,U001
104032,2000,400000,5648037.693920042,SA,50,U003
104033,1000,400000,5629314.351316932,SA,50,U001
104034,3000,500000,5195871.363279963,SA,40,U003
104035,1000,400000,6020164.589145956,SA,31,U003
104036,2000,400000,4511550.640456494,KR,40,U001
104037,2000,500000,37512773.35238849,KR,40,U001
104038,2000,500000,2924297.6934037264,KR,31,U001
104039,1000,400001,4925554.785734649,KR,40,U001
104040,3000,400000,5463754.771229255,KR,40,U002
104041,3000,400001,5228207.689607121,KR,31,U001
104042,1000,400001,4500783.71740532,KR,50,U002
104043,2000,500000,5675620.485051628,SA,50,U003
104044,3000,400000,4940935.398096379,KR,50,U002
104045,2000,400000,5613141.369606961,SA,50,U003
104046,1000,500000,5388919.74808501,SA,50,U002
104047,2000,400001,6139607.167122423,KR,40,U002
104048,3000,500000,5271490.690052963,SA,31,U003
104049,3000,400000,5487954.1383474255,SA,50,U002
104050,2000,500000,4938626.329035917,KR,31,U003
104051,1000,400000,4597687.879936804,SA,50,U001
104052,2000,400001,5392585.766048292,KR,40,U003
104053,1000,400000,6202184.558031768,SA,50,U002
104054,2000,400001,4507295.481661615,KR,50,U001
104055,3000,400001,4801490.93696993,SA,31,U002
104056,1000,400000,5021320.34817414,KR,31,U001
104057,1000,400000,5547917.047953371,SA,40,U003
104058,1000,400001,5276366.38631053,KR,31,U001
104059,3000,500000,5730450.52514672,SA,31,U001
104060,2000,400000,52633020.64410333,SA,31,U001
104061,3000,400001,4488878.952011043,KR,40,U002
104062,1000,400001,5487783.182516311,SA,40,U001
104063,2000,500000,5256511.822549736,KR,40,U003
104064,3000,400000,5015232.17394236,SA,31,U003
104065,1000,400001,5484868.178941427,SA,31,U003
104066,1000,500000,4786557.5836812705,KR,40,U001
104067,3000,400001,5258436.585317589,SA,31,U003
104068,3000,400000,3955766.0562288407,KR,31,U002
104069,3000,500000,4568947.7775153415,SA,50,U003
104070,1000,400001,5838016.651287811,SA,40,U001
104071,3000,500000,5807266.386083537,SA,40,U003
104072,1000,400000,5207546.637374548,SA,31,U001
104073,3000,500000,4637560.1964882035,KR,31,U001
104074,1000,400000,5660212.663747954,KR,50,U003
104075,1000,400001,5989189.90519731,SA,40,U002
104076,2000,400000,4670106.50408719,SA,40,U002
104077,3000,400001,3835984.2506785477,KR,31,U003
104078,3000,400001,5359307.940363215,SA,40,U001
104079,1000,400000,5731014.621925955,KR,31,U003
104080,1000,400001,5469986.8210704615,SA,50,U001
104081,1000,500000,6252063.357783953,SA,31,U001
104082,2000,400001,6255440.532422515,KR,50,U001
104083,2000,400000,4755682.162682533,SA,31,U002
104084,1000,500000,5159195.508461695,KR,50,U002
104085,3000,500000,4602772.126389565,KR,50,U003
104086,3000,400001,33458792.341713127,KR,40,U002
104087,2000,400001,4229248.556158408,KR,31,U001
104088,2000,400000,5573617.082610435,KR,40,U001
104089,1000,500000,5242310.016549154,KR,40,U003
104090,3000,400000,5711968.672400672,SA,31,U001
104091,1000,400001,7025297.127973167,KR,40,U003
104092,2000,500000,5399894.082593118,KR,40,U003
104093,3000,400000,34957308.29375745,SA,40,U001
104094,3000,400000,5828101.456539967,KR,31,U002
104095,2000,400000,4354790.166127113,SA,40,U001
104096,1000,400000,6398669.507827794,KR,40,U001
104097,1000,400000,3422840.6730623916,KR,40,U003
104098,3000,500000,4562760.83973139,KR,31,U002
104099,2000,400000,5497710.618488784,SA,50,U003
104100,3000,500000,5942016.795059634,SA,50,U001
104101,2000,400000,4458413.498967854,KR,50,U003
104102,1000,400001,4313393.625717341,KR,50,U003
104103,2000,400001,5118693.753309102,SA,40,U001
104104,1000,400000,6527195.080185909,SA,31,U003
104105,2000,400001,3769297.89333455,SA,40,U001
104106,3000,500000,4748703.922262027,KR,31,U003
104107,1000,400000,5208148.015780629,SA,40,U002
104108,3000,500000,4363240.50940704,SA,50,U001
104109,3000,400000,34883928.206656456,SA,50,U002
104110,1000,400001,4813286.708313239,SA,31,U003
104111,1000,500000,5234167.86083958,SA,40,U002
104112,3000,400001,4843950.682802671,SA,50,U002
104113,3000,400001,6172452.521892772,SA,31,U002
104114,3000,400000,5474083.0227214005,KR,40,U003
104115,3000,500000,42452249.74857646,SA,31,U001
104116,1000,400001,5822122.895446697,KR,40,U003
104117,1000,400000,5320642.313131939,KR,40,U003
104118,3000,400000,4645450.698158826,SA,40,U003
104119,2000,400000,4789478.037524494,KR,31,U001
104120,2000,400001,4096451.029110864,KR,31,U003
104121,1000,400000,6603902.549232861,SA,40,U003
104122,3000,500000,5744579.1757872505,KR,50,U001
104123,3000,500000,2952334.5974796037,SA,40,U001
104124,1000,400001,6066502.746114394,SA,31,U001
104125,2000,500000,3827253.8876475086,SA,40,U002
104126,2000,400000,5416535.182381024,SA,31,U001
104127,2000,400001,3236779.3971909266,SA,40,U002
104128,1000,400000,4657496.526962741,SA,40,U002
104129,2000,400001,6072746.806193471,SA,50,U003
104130,1000,400001,6117307.109295549,KR,50,U002
104131,1000,400000,5245420.314243174,SA,31,U003
104132,3000,500000,5629971.834590285,KR,40,U002
104133,2000,500000,3869143.8193532703,SA,31,U001
104134,1000,400001,5430666.618135998,SA,40,U003
104135,2000,400000,5680776.594625471,SA,40,U002
104136,2000,400000,7055796.670160111,KR,40,U003
104137,3000,400001,4501424.56025486,KR,50,U001
104138,2000,500000,5013042.253622489,KR,31,U002
104139,3000,400000,5062492.089321684,KR,40,U002
104140,1000,500000,5558866.987020963,KR,40,U001
104141,2000,500000,5704408.550572508,KR,31,U002
104142,1000,400001,5848732.089431892,SA,31,U002
104143,2000,400001,5790369.727450249,SA,40,U003
104144,1000,500000,3815105.3659914266,KR,50,U002
104145,2000,400000,2909442.4957474386,KR,50,U001
104146,2000,400000,4588498.8903335715,KR,40,U002
104147,2000,400001,4971666.524314888,KR,50,U003
104148,2000,500000,4509385.79257048,KR,31,U002
104149,2000,400000,4632241.485599119,SA,50,U003
104150,2000,400000,4731000.45780784,SA,31,U002
104151,2000,400001,5461952.799535496,SA,31,U003
104152,2000,500000,4173046.355968776,SA,31,U003
104153,2000,400000,4937737.784031419,SA,31,U002
104154,1000,400001,4943861.107024768,SA,50,U001
104155,3000,400000,5443759.470806789,SA,31,U001
104156,2000,400000,5929523.871770322,SA,40,U002
104157,3000,400000,6347285.918497116,KR,31,U002
104158,2000,400001,4403207.375662846,KR,40,U002
104159,2000,500000,3400020.311548406,SA,31,U002
104160,1000,400001,4806457.417011771,SA,31,U002
104161,1000,500000,3729106.513360123,SA,50,U001
104162,3000,400000,7187661.527405577,KR,31,U003
104163,1000,500000,4301695.584925575,KR,31,U003
104164,1000,400000,5451067.012522185,SA,50,U001
104165,3000,400000,5747252.885339543,KR,50,U001
104166,1000,400001,5272497.862590402,SA,40,U003
104167,2000,400000,6661376.281047359,SA,50,U001
104168,3000,400001,4838015.087907352,SA,40,U002
104169,3000,500000,4332094.594102812,SA,31,U001
104170,2000,500000,4290700.310278993,SA,40,U001
104171,1000,400000,5600004.555682945,KR,50,U001
104172,3000,400001,4848161.402987954,SA,31,U001
104173,3000,400000,4290808.808477426,SA,40,U003
104174,2000,400001,5353044.172418858,SA,40,U003
104175,2000,400001,5567399.380070651,SA,40,U003
104176,1000,400001,5217044.149028969,KR,31,U003
104177,3000,500000,5719677.113868486,SA,40,U002
104178,1000,400001,5070478.89028025,SA,40,U002
104179,1000,500000,4525099.730254992,KR,50,U003
104180,2000,400001,5649120.057209209,SA,40,U003
104181,3000,500000,4287929.397177331,SA,31,U003
104182,3000,500000,4096891.7222400187,SA,50,U001
104183,3000,500000,5924759.719360532,SA,31,U002
104184,2000,400000,4721721.623186726,KR,50,U002
104185,2000,400001,6332547.127555978,SA,50,U001
104186,2000,400000,5685275.829381285,SA,40,U001
104187,2000,400001,4660929.028879329,KR,31,U001
104188,2000,400001,5388977.145810134,SA,40,U002
104189,3000,400000,56181633.75646001,SA,50,U001
104190,1000,500000,5603418.514249913,KR,40,U001
104191,3000,400001,5465359.125393952,SA,50,U001
104192,1000,500000,4524223.141082703,KR,50,U003
104193,2000,400000,6475643.756958982,SA,31,U001
104194,1000,500000,6054350.170810378,KR,31,U003
104195,3000,400001,4531550.374618638,SA,31,U002
104196,3000,400001,6504330.284327833,SA,31,U002
104197,1000,400001,5131800.973201878,KR,40,U002
104198,2000,400000,4327694.660263978,SA,31,U003
104199,2000,400001,4521185.034545171,KR,31,U001
104200,3000,400000,5702161.093659822,KR,31,U002
104201,1000,500000,4333199.8745156005,KR,50,U001
104202,2000,400001,4117506.8871576674,KR,50,U003
104203,2000,400001,4648900.4140652185,SA,31,U002
104204,3000,400001,4768389.42047231,KR,50,U001
104205,2000,500000,35690780.6359132,SA,50,U001
104206,1000,400001,4636844.084849576,SA,40,U002
104207,3000,400000,5733544.987249114,KR,50,U001
104208,3000,500000,5205201.949183559,KR,40,U003
104209,1000,500000,4587487.397481196,SA,50,U002
104210,3000,500000,4657721.534175772,KR,31,U002
104211,2000,500000,4894675.058990918,SA,50,U002
104212,2000,500000,4940468.633661183,KR,50,U002
104213,1000,400000,4943850.995026069,SA,40,U003
104214,2000,500000,45633585.0435199,SA,31,U003
104215,1000,400001,5157630.723433652,KR,40,U001
104216,1000,500000,5181166.141279371,SA,31,U003
104217,2000,500000,6141428.282960071,SA,31,U001
104218,1000,500000,6501321.145513655,KR,40,U001
104219,2000,500000,4015222.971041601,KR,50,U002
104220,3000,500000,3736873.5100835054,KR,31,U001
104221,3000,400000,4720475.108302091,KR,50,U002
104222,1000,400000,5626502.858315718,KR,40,U001
104223,2000,500000,42406312.95991956,SA,40,U003
104224,2000,400000,5843279.7621695055,SA,40,U002
104225,3000,400001,4686108.923446309,KR,40,U001
104226,3000,500000,3434634.5342575987,SA,31,U003
104227,2000,400001,3906574.6149775796,SA,40,U003
104228,1000,400001,5451787.246926881,SA,50,U002
104229,3000,500000,5849402.884446575,SA,50,U002
104230,1000,400001,3474562.5215183124,SA,31,U002
104231,1000,400001,6128526.026646433,KR,40,U001
104232,3000,400001,5371706.009439684,KR,31,U002
104233,1000,500000,4943662.321376503,SA,31,U003
104234,1000,500000,4498541.473719065,SA,31,U003
104235,2000,400001,6272928.861463198,KR,40,U002
104236,1000,500000,5717605.146151254,KR,50,U002
104237,2000,500000,5392658.761501318,KR,50,U003
104238,3000,400001,4414877.998237308,KR,31,U001
104239,3000,500000,6291344.981520311,SA,31,U003
104240,2000,400000,5024280.926363847,KR,50,U003
104241,3000,500000,5239213.965646496,KR,50,U003
104242,1000,400000,5058447.518542038,SA,40,U002
104243,1000,400001,4387559.628302885,KR,31,U001
104244,1000,500000,5255776.788733497,KR,40,U001
104245,3000,400001,5557550.849166722,KR,50,U002
104246,1000,400001,4646714.0718931025,KR,50,U003
104247,3000,400001,5187261.328617848,KR,50,U002
104248,1000,400001,5046799.539501556,SA,50,U002
104249,2000,400001,5732105.063579731,SA,40,U001
104250,3000,500000,4760846.982985116,SA,50,U001
104251,3000,400000,5181256.770947526,SA,31,U002
104252,1000,500000,5349735.521060491,SA,50,U002
104253,3000,500000,4742746.323377945,KR,31,U001
104254,3000,500000,34717730.76685113,KR,50,U001
104255,2000,500000,4469915.104598316,KR,40,U003
104256,2000,400000,5327352.029222863,KR,31,U002
104257,1000,500000,38493976.87502552,KR,40,U003
104258,2000,400001,4801128.433131485,KR,50,U003
104259,1000,500000,5483318.053612587,KR,40,U003
104260,1000,500000,5815593.218422918,KR,50,U001
104261,1000,400000,5953372.698675856,KR,40,U003
104262,3000,400000,4509999.073518074,KR,40,U001
104263,2000,400001,5738196.4950381275,KR,31,U001
104264,1000,500000,6667986.474838922,KR,50,U001
104265,2000,500000,5100856.159704271,KR,40,U002
104266,1000,500000,4941351.845395206,SA,50,U003
104267,2000,400001,4774591.26626608,KR,31,U001
104268,2000,400000,4148994.252368799,SA,40,U002
104269,1000,400001,5673802.797123871,KR,50,U002
104270,3000,500000,4944911.0046349885,KR,40,U002
104271,2000,400000,4880232.142380796,KR,40,U001
104272,3000,400000,5549874.750464132,SA,40,U001
104273,3000,400001,5623586.440697626,SA,40,U001
104274,1000,400000,4519325.385068147,KR,31,U002
104275,1000,400000,4538428.54001565,KR,31,U001
104276,1000,500000,4502915.487611239,KR,50,U003
104277,2000,500000,6690811.442238356,KR,50,U001
104278,1000,400000,6181716.789330798,SA,40,U001
104279,1000,400000,44525058.70426412,SA,40,U003
104280,2000,400001,4699671.009471484,KR,40,U001
104281,2000,400001,4794456.774145506,SA,31,U001
104282,1000,400000,5290749.858461129,SA,40,U001
104283,1000,500000,6767304.18657369,KR,50,U001
104284,1000,400000,5231101.72731141,KR,40,U002
104285,1000,400000,5407060.46117434,KR,31,U001
104286,3000,500000,2960815.146762292,SA,40,U003
104287,3000,500000,5206063.141837368,KR,31,U003
104288,1000,400001,3884910.8265955113,SA,31,U002
104289,3000,400001,4610404.066206713,KR,31,U001
104290,2000,400001,5037508.737391886,KR,31,U003
104291,3000,400001,4758318.632858074,SA,50,U002
104292,3000,500000,4491232.06343998,SA,31,U001
104293,1000,400000,4498362.4749341775,SA,50,U002
104294,3000,400001,4831161.387873395,SA,50,U001
104295,3000,400001,4796233.265222722,SA,40,U002
104296,3000,500000,5016218.054389373,SA,40,U002
104297,3000,500000,4956417.3457250735,KR,31,U003
104298,2000,400000,6023100.765802468,SA,40,U003
104299,1000,400000,3360319.4848489175,SA,31,U002
104300,1000,500000,5195978.552200338,KR,40,U001
104301,2000,400001,5056807.688198784,SA,31,U001
104302,3000,400001,4892647.721472643,SA,40,U001
104303,2000,400001,4435351.6598152835,KR,40,U001
104304,3000,400000,39041865.69805745,KR,50,U001
104305,2000,400001,3693193.9535203446,KR,40,U003
104306,1000,400001,5165374.313760334,SA,40,U002
104307,1000,500000,5310447.334736717,KR,31,U003
104308,1000,400001,4436745.205586856,SA,50,U001
104309,3000,500000,6552552.833694732,KR,31,U002
104310,3000,400001,4903644.502601207,SA,40,U001
104311,2000,400000,5035258.258634713,KR,31,U001
104312,2000,400001,6068625.331640124,KR,50,U002
104313,1000,400001,6713698.775894579,KR,31,U001
104314,3000,500000,4101328.4688566583,SA,40,U003
104315,2000,500000,4538270.016901327,SA,31,U003
104316,3000,500000,4917858.264805682,KR,40,U003
104317,3000,400001,4405701.848285102,KR,50,U001
104318,1000,400001,5676890.017080404,KR,50,U003
104319,1000,400000,4317613.731159066,KR,31,U001
104320,3000,400001,6013282.530837307,SA,50,U001
104321,3000,400000,5498917.799445978,KR,31,U003
104322,3000,500000,5931234.548947187,KR,40,U003
104323,3000,500000,4321196.853457318,SA,31,U001
104324,1000,500000,4693204.467264361,SA,40,U001
104325,2000,400000,5718388.438227258,KR,50,U001
104326,1000,400001,5573274.551600465,KR,40,U001
104327,2000,500000,4770512.991237594,SA,40,U003
104328,3000,400001,4884374.028517671,SA,40,U001
104329,2000,400001,4652521.641744116,KR,40,U001
104330,1000,500000,4862844.780418378,SA,40,U001
104331,1000,400000,4227727.568378625,SA,31,U001
104332,3000,400001,4093426.0373906717,KR,40,U001
104333,1000,500000,5804344.412490739,KR,40,U002
104334,3000,400001,4835676.455933343,SA,40,U002
104335,1000,400001,5921062.192704561,KR,40,U002
104336,1000,400001,5476787.84137553,KR,40,U003
104337,3000,400001,5249608.410085373,KR,40,U001
104338,2000,400001,4431822.607675906,KR,50,U003
104339,1000,400000,4031376.180801597,KR,31,U001
104340,2000,400000,4634473.025018283,SA,40,U002
104341,1000,500000,6225533.925938841,SA,31,U001
104342,1000,400000,5711165.490293734,KR,50,U003
104343,1000,400000,4559668.810268216,KR,50,U003
104344,1000,400000,4643551.815409967,KR,40,U001
104345,2000,400001,4256728.415527609,SA,31,U003
104346,2000,400001,30098652.079781137,SA,40,U002
104347,1000,500000,5081280.010643622,SA,50,U001
104348,1000,500000,6380061.927773115,SA,50,U002
104349,2000,500000,51120849.280696854,KR,31,U002
104350,3000,400001,5486323.1678228825,KR,40,U003
104351,3000,400000,4517862.047640699,SA,31,U001
104352,2000,400000,3840415.8327489006,SA,31,U002
104353,1000,400001,5837649.74851417,KR,50,U002
104354,1000,500000,5357773.441245682,KR,31,U001
104355,3000,500000,4747017.461351582,KR,50,U003
104356,3000,500000,4613366.318150182,KR,40,U002
104357,2000,400001,5480349.262100674,KR,31,U001
104358,3000,500000,4338702.785722282,SA,31,U001
104359,2000,500000,5191385.733520034,KR,40,U002
104360,3000,400001,4024142.6025913255,SA,31,U002
104361,3000,400000,6782809.269150582,SA,40,U002
104362,3000,400001,4450362.091513364,KR,50,U003
104363,1000,400001,5518719.165019573,SA,50,U003
104364,1000,400001,4041582.6829320374,SA,31,U001
104365,1000,400001,4869397.472720494,KR,50,U001
104366,3000,400000,5707694.845410736,SA,50,U002
104367,2000,500000,5880764.304499207,KR,40,U001
104368,2000,400001,5610630.610482334,KR,50,U003
104369,2000,400000,4889404.536541551,SA,50,U001
104370,2000,500000,4467239.203115579,KR,50,U001
104371,1000,500000,4137858.3051846884,KR,40,U002
104372,1000,500000,6203038.8702169005,SA,31,U002
104373,3000,400001,5082696.991990901,KR,40,U003
104374,3000,400001,5230591.381670852,SA,31,U001
104375,2000,500000,5932295.883012887,SA,31,U001
104376,1000,500000,5469385.026844029,KR,50,U001
104377,2000,500000,4898066.197521894,SA,50,U002
104378,3000,500000,5595522.758704411,KR,40,U003
104379,3000,500000,36015703.369524986,SA,40,U001
104380,2000,500000,3759086.81801467,KR,40,U001
104381,3000,400000,6129473.7936142795,KR,50,U001
104382,2000,500000,4568637.216212977,SA,31,U001
104383,1000,400001,4756568.029826119,SA,40,U003
104384,2000,400001,4827133.259899048,KR,31,U003
104385,1000,400001,4518235.712225911,KR,50,U003
104386,1000,500000,47048536.71365503,SA,50,U002
104387,3000,400001,5299564.954833569,KR,50,U001
104388,3000,400000,4756970.480162027,KR,50,U001
104389,3000,500000,3979464.8951720446,SA,31,U001
104390,2000,400001,5243038.252288603,SA,31,U001
104391,2000,400000,3039512.2579375757,KR,40,U003
104392,3000,400000,5186196.822855557,SA,31,U002
104393,2000,400001,6074544.355884318,SA,31,U002
104394,3000,400000,5051646.727639243,KR,31,U001
104395,2000,400001,5965061.8429808235,SA,40,U003
104396,1000,400000,4016657.942209797,SA,31,U002
104397,1000,500000,6630833.116231061,KR,31,U002
104398,3000,500000,5877828.350833345,SA,31,U001
104399,2000,500000,5380772.689742579,KR,50,U002
104400,2000,500000,4521284.436087789,SA,31,U001
104401,1000,500000,4388382.31720436,SA,40,U003
104402,1000,400001,4943274.057283697,KR,40,U001
104403,3000,500000,5962222.583460451,SA,40,U002
104404,1000,500000,3947583.335302659,SA,40,U001
104405,3000,500000,5008328.407953358,SA,50,U001
104406,1000,500000,5587376.217331028,SA,40,U001
104407,1000,400000,5743479.053814042,SA,50,U001
104408,2000,500000,5584989.20084936,SA,50,U001
104409,1000,500000,3865925.17930503,KR,50,U001
104410,1000,400001,5905422.307616762,SA,40,U002
104411,3000,400000,5053754.924876558,SA,40,U001
104412,1000,400001,4131523.87522164,KR,50,U002
104413,3000,500000,39845323.47302152,KR,50,U001
104414,1000,400001,3433067.8853501687,KR,40,U003
104415,1000,400001,5462638.418408215,SA,31,U001
104416,3000,500000,4897832.42676956,KR,31,U002
104417,2000,400000,31871259.800026685,KR,31,U002
104418,3000,400000,4767938.714925956,SA,40,U003
104419,3000,400001,4434027.824765218,KR,40,U001
104420,3000,500000,4485132.944840633,SA,50,U003
104421,2000,400001,25529389.337217063,SA,40,U001
104422,1000,400001,3662269.2639722647,SA,40,U001
104423,3000,400001,4816240.806914335,SA,40,U002
104424,3000,500000,4678599.523990911,SA,50,U003
104425,2000,500000,5779182.529450982,KR,50,U003
104426,3000,400000,4494573.617063617,SA,31,U002
104427,1000,500000,4578414.944278984,KR,31,U002
104428,2000,400001,4615808.067338688,SA,40,U003
104429,1000,400001,38739009.75488579,KR,40,U002
104430,1000,400000,5073171.253619174,SA,50,U001
104431,2000,500000,4674937.911334992,SA,31,U003
104432,3000,400001,5456977.18996766,SA,31,U003
104433,1000,400000,6840176.778902873,KR,31,U002
104434,1000,400000,4339644.884124612,KR,40,U001
104435,1000,400001,5313464.008138237,KR,40,U003
104436,1000,400001,5023620.997025059,SA,40,U003
104437,2000,500000,5837627.6259574015,SA,50,U001
104438,2000,400000,5162399.922324639,KR,31,U002
104439,1000,400001,4418839.047699713,SA,50,U002
104440,3000,400000,4067957.0021186606,KR,31,U002
104441,1000,500000,5488391.683273756,SA,40,U002
104442,3000,400001,33063667.230270606,KR,50,U001
104443,1000,500000,5946992.38893448,KR,50,U001
104444,3000,400000,5442554.150179351,SA,40,U003
104445,1000,500000,40554938.56092865,KR,31,U003
104446,3000,500000,3950195.9737924207,SA,31,U001
104447,1000,400000,5540258.514490191,SA,31,U003
104448,1000,500000,6293412.859850965,SA,31,U001
104449,3000,400000,4659924.1535451645,KR,40,U002
104450,2000,400001,4406474.130138216,KR,40,U001
104451,3000,400000,4926379.366137419,KR,40,U001
104452,2000,400000,42988430.54036404,SA,40,U003
104453,1000,400001,4575024.629600217,SA,50,U001
104454,3000,400000,5719358.516792006,KR,50,U002
104455,3000,400001,6528574.379416292,SA,50,U002
104456,3000,400001,5264196.706814347,SA,40,U003
104457,2000,400000,4740011.11758534,KR,31,U003
104458,2000,500000,5352003.01987913,KR,50,U001
104459,1000,500000,5941839.650400884,SA,50,U003
104460,2000,400001,5127709.302841613,SA,40,U002
104461,2000,500000,5388076.024882561,KR,31,U003
104462,1000,500000,5563812.950993834,KR,31,U003
104463,3000,400000,4299643.315316723,SA,31,U002
104464,3000,400001,5367297.073127687,SA,40,U001
104465,1000,400001,3926440.956659361,SA,31,U001
104466,3000,400000,4473255.08952232,KR,50,U003
104467,2000,500000,5916529.921029035,SA,50,U002
104468,1000,400001,5696828.188248613,SA,50,U002
104469,1000,500000,4783855.991814072,SA,40,U002
104470,1000,400001,6364634.746756585,SA,31,U001
104471,3000,400001,3951847.935679926,SA,40,U002
104472,1000,400001,4835929.845634453,SA,31,U002
104473,1000,400001,5220083.431449943,KR,40,U001
104474,1000,500000,22027217.75539821,KR,50,U002
104475,3000,500000,4873869.9404191235,KR,40,U001
104476,2000,500000,4100401.4134173505,SA,40,U003
104477,1000,500000,4118610.349707909,KR,40,U003
104478,2000,400000,4782216.092504114,SA,50,U003
104479,3000,400001,3539473.3037591754,SA,40,U003
104480,3000,400001,4353632.173152366,SA,40,U003
104481,3000,400001,3558174.115195819,SA,50,U001
104482,3000,400000,5099029.637422643,SA,31,U001
104483,2000,500000,5083477.785440945,KR,40,U001
104484,1000,400001,4721161.622832493,KR,50,U002
104485,3000,500000,5797156.131088001,KR,40,U003
104486,3000,500000,4763069.931924748,SA,50,U002
104487,2000,400000,4981535.5954101775,KR,31,U002
104488,2000,400000,4275199.3975355085,SA,31,U002
104489,3000,500000,3157380.409926342,KR,40,U003
104490,1000,400001,4883728.2298852615,KR,50,U002
104491,1000,400001,4779241.39171659,KR,31,U003
104492,3000,400000,6367926.945126166,KR,31,U003
104493,2000,400000,5533956.819186576,KR,50,U003
104494,3000,400000,4669503.1044189595,KR,40,U002
104495,3000,400000,5113330.419791421,SA,31,U003
104496,2000,400000,5725614.370935723,SA,31,U003
104497,3000,400000,5413404.021591893,SA,31,U001
104498,3000,400000,6335124.667464627,SA,40,U002
104499,3000,400001,34947862.91699061,SA,31,U001
104500,2000,400000,5780027.365563001,KR,50,U001
104501,1000,400000,4661702.131732716,SA,40,U002
104502,1000,400001,5154893.19581359,SA,31,U001
104503,2000,400001,4553858.404181463,SA,50,U003
104504,1000,500000,4886393.461589019,SA,50,U001
104505,3000,400000,5169249.6482231645,SA,40,U001
104506,1000,400000,5474602.8514222475,SA,50,U003
104507,3000,400000,5049085.713101859,SA,40,U001
104508,1000,400000,3011080.257223811,SA,40,U003
104509,2000,500000,39507527.94688281,SA,40,U002
104510,1000,400001,6176320.609856121,KR,50,U001
104511,1000,400001,4932102.562824498,SA,40,U002
104512,1000,400000,6198785.472101371,SA,40,U001
104513,2000,400000,4903842.604586436,KR,50,U003
104514,1000,400000,3742414.86336031,KR,40,U001
104515,2000,500000,4653636.123148193,SA,31,U002
104516,3000,500000,4553253.051666412,SA,50,U003
104517,1000,400001,38530988.40105714,SA,50,U003
104518,2000,400000,4051745.2460781937,KR,50,U002
104519,2000,400000,4992942.826477476,SA,31,U002
104520,1000,400000,4737392.12746653,KR,40,U001
104521,3000,400000,6030289.485902873,KR,50,U001
104522,2000,500000,4031810.3024706603,KR,50,U003
104523,1000,400001,5196534.949307718,KR,50,U002
104524,3000,400001,5328822.498093953,KR,31,U002
104525,2000,500000,5619984.711206092,SA,31,U001
104526,2000,400000,4709129.698545257,SA,31,U001
104527,3000,400001,5176640.795674029,KR,40,U003
104528,3000,400001,5282622.500357026,KR,40,U002
104529,1000,500000,3681308.959604522,KR,31,U002
104530,1000,400000,4737839.526835628,KR,40,U002
104531,2000,400001,4973867.948906409,SA,31,U002
104532,3000,400000,5067662.576093965,KR,40,U001
104533,3000,400001,5057871.193836379,KR,40,U001
104534,3000,500000,5350017.033846372,SA,31,U001
104535,2000,400000,6550083.94159533,SA,50,U003
104536,3000,500000,4523657.141004011,SA,50,U002
104537,3000,400001,5304937.418042593,SA,40,U001
104538,2000,500000,6041042.548799503,KR,40,U002
104539,1000,500000,3561089.104030979,KR,40,U001
104540,1000,500000,5214504.863811288,KR,40,U003
104541,2000,400001,3655696.5548066297,KR,40,U001
104542,3000,400000,6748462.192370028,KR,40,U003
104543,2000,500000,5417640.587438305,KR,31,U002
104544,1000,400000,5309672.526243488,KR,50,U001
104545,1000,400001,3501300.7767435983,KR,50,U001
104546,2000,400000,4596406.544435046,KR,31,U001
104547,2000,500000,4600163.153140182,SA,31,U002
104548,1000,500000,6413164.443135031,KR,50,U003
104549,2000,500000,5583360.989484613,SA,50,U003
104550,1000,500000,3677658.6420670217,SA,40,U001
104551,2000,500000,5375601.801881573,SA,50,U002
104552,2000,500000,3797676.573142212,SA,40,U003
104553,2000,400001,3696533.4338845666,KR,40,U003
104554,1000,400001,5362737.666954861,SA,50,U003
104555,2000,400001,5595815.304789153,SA,40,U003
104556,1000,400000,5367002.87202579,KR,40,U003
104557,1000,400000,6503666.065665053,SA,31,U001
104558,2000,400001,5295002.02906217,KR,50,U001
104559,2000,400000,5136075.367018456,KR,31,U001
104560,1000,400000,4027192.4493266,KR,40,U003
104561,1000,500000,5686090.942922199,KR,40,U003
104562,3000,500000,3678844.5997086475,SA,31,U003
104563,1000,400000,6616295.259054333,KR,31,U001
104564,3000,400000,5696638.353807904,SA,31,U003
104565,3000,400001,57854703.06108414,SA,40,U001
104566,3000,400000,5311462.486859685,KR,50,U003
104567,2000,500000,5736132.848872535,SA,40,U001
104568,2000,400000,4778263.1120138625,KR,31,U002
104569,1000,400001,4965376.329689493,SA,50,U003
104570,3000,500000,4158772.8729413557,SA,31,U003
104571,2000,500000,3841833.0811458644,SA,40,U001
104572,2000,500000,5151598.245530657,SA,50,U003
104573,2000,500000,4960653.995060935,KR,50,U001
104574,2000,400000,33113768.216969654,KR,40,U001
104575,2000,400001,4281014.606142683,SA,31,U002
104576,3000,400000,5025975.992566381,SA,31,U002
104577,3000,400000,4125502.600174734,SA,31,U003
104578,3000,500000,5285316.0635801125,SA,40,U003
104579,3000,400001,4150328.666303808,KR,31,U001
104580,1000,500000,5204683.583940919,SA,50,U001
104581,3000,400000,4079430.310351909,SA,31,U001
104582,2000,400000,4082787.5385398082,SA,31,U001
104583,3000,500000,3110215.072127846,KR,50,U003
104584,1000,400000,4871776.808012712,SA,50,U002
104585,2000,400000,6163251.813842793,KR,31,U003
104586,3000,500000,6117864.651133013,KR,50,U003
104587,3000,400000,5259254.002768731,SA,40,U003
104588,3000,400001,3399188.4140851656,SA,50,U002
104589,2000,500000,5675100.154587139,SA,40,U003
104590,2000,400001,5180533.018816758,KR,50,U002
104591,1000,400000,4674797.472246928,KR,40,U001
104592,2000,400000,5965892.9023309285,SA,40,U003
104593,2000,500000,5492355.749446811,KR,31,U001
104594,3000,400000,6569239.234228712,SA,50,U001
104595,2000,500000,3875488.9328415724,SA,50,U001
104596,3000,500000,3938055.75421228,SA,50,U003
104597,3000,500000,4072816.439414033,SA,40,U001
104598,2000,500000,4771982.791447004,SA,31,U003
104599,1000,500000,6270537.803837128,SA,50,U001
104600,1000,400001,4501125.979716983,KR,31,U003
104601,2000,500000,4518236.655553413,KR,31,U003
104602,1000,400001,5333833.546811698,KR,40,U003
104603,3000,400000,5674524.358235603,SA,50,U001
104604,3000,500000,3210566.724548271,SA,31,U003
104605,2000,400000,5831771.900950867,SA,50,U001
104606,1000,500000,4475826.955252023,KR,50,U002
104607,1000,400001,4918060.228831898,SA,50,U001
104608,3000,400001,49076890.449520245,KR,31,U001
104609,2000,400001,4826845.120564422,SA,40,U003
104610,1000,400000,3774503.5838512736,KR,40,U001
104611,2000,500000,3820875.7592552435,SA,31,U002
104612,1000,400000,4976710.495096512,SA,50,U003
104613,3000,400001,4732508.211868197,KR,50,U001
104614,3000,400000,5047578.539335627,KR,40,U001
104615,2000,400001,4678977.61517629,KR,31,U003
104616,3000,400001,5993141.480227897,SA,31,U003
104617,1000,400001,5019813.791852056,KR,40,U001
104618,3000,500000,3589617.874379169,KR,31,U001
104619,2000,500000,5653226.393490726,SA,31,U003
104620,2000,400001,6525016.755328143,SA,40,U003
104621,2000,400000,5123944.784950556,KR,40,U002
104622,1000,400000,5186040.29075226,SA,31,U002
104623,1000,500000,4376091.990349833,KR,31,U002
104624,1000,400001,4806039.408434321,KR,40,U003
104625,1000,400000,5402296.0075946,KR,40,U003
104626,1000,400001,5905432.05278314,SA,50,U003
104627,3000,400000,5356800.223144324,KR,31,U001
104628,1000,500000,6454432.70283118,KR,31,U003
104629,1000,400001,5078776.251240868,SA,40,U001
104630,3000,400001,32821148.777481403,KR,40,U003
104631,1000,400000,4125555.687368978,KR,50,U003
104632,2000,400000,5987529.385502161,KR,50,U001
104633,1000,400000,5805681.579696879,SA,40,U003
104634,1000,400001,3684316.745322492,KR,31,U003
104635,2000,500000,4832393.447651282,SA,50,U003
104636,2000,500000,4861444.953101991,SA,40,U002
104637,2000,400000,4398773.713361712,KR,40,U003
104638,2000,500000,3871701.5564411683,KR,40,U001
104639,1000,400000,4381116.667521376,SA,31,U001
104640,2000,500000,4237321.150948035,KR,40,U001
104641,2000,400001,3890825.2286215005,KR,40,U003
104642,3000,400000,5663252.2561326185,SA,31,U001
104643,2000,500000,5226357.256593927,KR,40,U002
104644,2000,400001,4628701.8708704375,KR,40,U001
104645,3000,500000,26748361.52428607,SA,50,U003
104646,3000,400001,38085912.90025715,KR,40,U002
104647,1000,400001,5416844.4996644445,SA,31,U001
104648,3000,500000,4411164.816984824,SA,50,U002
104649,1000,500000,4080027.3755095107,KR,40,U001
104650,3000,400001,4901582.38615946,SA,31,U003
104651,3000,400001,5268055.06246916,KR,40,U002
104652,1000,400001,3400055.307382388,KR,50,U001
104653,3000,400000,6083207.310309241,SA,31,U001
104654,1000,400001,4000698.354210551,SA,50,U002
104655,3000,400000,4661773.823482305,SA,31,U002
104656,2000,400001,5945016.82576196,SA,31,U002
104657,3000,400000,5100287.244494313,SA,40,U002
104658,1000,400001,5876873.147327954,SA,31,U001
104659,3000,400001,6242943.168356555,KR,31,U001
104660,1000,400001,3832259.171873852,KR,40,U001
104661,1000,500000,5721635.124306291,SA,31,U003
104662,2000,500000,6060389.48334785,KR,31,U002
104663,2000,400001,4699355.561738573,SA,31,U001
104664,1000,400000,4763028.77875982,SA,31,U002
104665,3000,400000,3469564.947636229,KR,40,U002
104666,1000,400001,5624863.561399787,KR,40,U001
104667,1000,500000,2972105.347718848,SA,50,U002
104668,3000,400000,5775046.251250694,SA,31,U002
104669,3000,500000,3865864.47890744,SA,40,U002
104670,3000,400000,6112550.961276354,KR,31,U002
104671,3000,400001,5317018.748019474,SA,40,U002
104672,1000,500000,5807174.158092553,SA,50,U001
104673,1000,400000,4349778.423335584,KR,31,U001
104674,2000,400001,3933237.1238458026,KR,50,U002
104675,1000,400001,3589102.268941367,KR,50,U002
104676,3000,400001,5872962.4097807,SA,50,U002
104677,2000,500000,44242816.44200883,SA,40,U003
104678,3000,500000,5558730.436859416,KR,31,U002
104679,1000,400001,5233153.896863072,SA,40,U003
104680,2000,500000,5435097.266070714,SA,40,U003
104681,3000,400000,4766667.961146563,KR,31,U003
104682,2000,400001,5296240.507075543,KR,31,U001
104683,2000,400001,4314530.448384168,SA,31,U003
104684,1000,500000,4725813.5209018495,KR,31,U002
104685,3000,400001,7434663.596399523,KR,40,U002
104686,2000,400000,5031137.077546107,SA,31,U001
104687,2000,500000,3422703.309715069,SA,31,U001
104688,3000,500000,4673127.99551684,SA,31,U002
104689,2000,400001,4153982.0952852247,SA,50,U001
104690,2000,400001,5127374.811772707,SA,31,U001
104691,2000,400001,4288512.709741069,SA,31,U003
104692,3000,500000,4830534.898755125,KR,40,U003
104693,3000,400001,4408127.986982807,KR,50,U001
104694,3000,400000,5157747.294557613,KR,40,U002
104695,3000,400001,4498080.939373491,SA,50,U003
104696,1000,400001,5285504.05799923,SA,40,U002
104697,2000,500000,6558865.167238977,SA,40,U001
104698,3000,400001,4076470.226749619,SA,31,U002
104699,2000,500000,5579084.170894776,SA,31,U002
104700,2000,400001,3037736.189898491,KR,50,U002
104701,1000,400000,4813782.8501475025,SA,50,U002
104702,3000,400000,5183123.82076046,KR,50,U001
104703,3000,500000,4401589.852929278,SA,31,U001
104704,2000,500000,3570085.7415949204,KR,40,U003
104705,3000,400001,4969568.176984104,KR,50,U003
104706,2000,400001,6225692.3171890285,KR,31,U003
104707,2000,400000,4882840.514653301,KR,31,U003
104708,1000,400001,5446858.979146887,KR,40,U002
104709,1000,400000,5901504.51340909,KR,40,U003
104710,1000,500000,6977179.636404751,KR,31,U003
104711,2000,400001,33265359.12763632,SA,40,U002
104712,3000,500000,33925691.906862944,SA,40,U001
104713,1000,400001,4766212.369905724,KR,31,U003
104714,3000,400000,5492349.3106834525,SA,50,U001
104715,1000,500000,3143438.733227455,SA,50,U003
104716,1000,500000,5523007.142400579,KR,31,U001
104717,2000,400001,5118611.243238473,SA,50,U003
104718,1000,500000,4572844.5151987085,KR,31,U001
104719,1000,400000,5340407.959828229,SA,31,U001
104720,2000,500000,5711719.385891489,KR,40,U003
104721,3000,500000,5822417.420710506,SA,50,U001
104722,1000,400001,5011810.704842525,KR,31,U003
104723,2000,500000,5260826.396967189,SA,50,U003
104724,1000,400001,5230657.455345925,SA,50,U002
104725,2000,400001,5984957.824517223,SA,50,U003
104726,3000,500000,42439783.773502894,KR,31,U003
104727,3000,400000,5516178.62601832,KR,40,U003
104728,2000,400001,5714128.43957095,SA,50,U003
104729,2000,500000,6566851.253565649,SA,31,U002
104730,2000,400001,4531348.1122645475,KR,50,U002
104731,3000,400000,6300566.955077779,SA,40,U002
104732,1000,400000,6976879.823664783,SA,50,U002
104733,3000,400001,4582365.787407205,KR,31,U001
104734,2000,400000,4826567.884866546,KR,50,U003
104735,2000,500000,4657239.231128663,SA,50,U002
104736,3000,500000,5525510.725751251,KR,50,U003
104737,2000,400001,3510658.6911312435,SA,40,U002
104738,3000,400000,4600401.501203861,SA,50,U003
104739,2000,500000,4781086.258326018,KR,31,U001
104740,1000,500000,4711124.514771307,SA,50,U002
104741,1000,500000,37624560.188668594,KR,50,U001
104742,2000,400001,4608592.337382598,KR,50,U001
104743,3000,400001,5621908.533188801,SA,40,U003
104744,1000,500000,5430595.375120237,KR,31,U002
104745,3000,500000,6362720.75603903,SA,50,U001
104746,2000,400000,5623946.68685274,KR,31,U003
104747,3000,400000,4121928.7111158604,SA,31,U003
104748,1000,400000,4863970.344376628,KR,40,U003
104749,3000,400001,4779014.537303075,SA,31,U001
104750,3000,500000,5204190.590743814,SA,50,U003
104751,2000,400001,46996797.69329522,KR,40,U003
104752,2000,500000,5148668.046663018,SA,40,U003
104753,2000,400000,5150793.458373095,SA,31,U001
104754,1000,400000,5008033.506599743,SA,40,U003
104755,1000,400000,5648467.192063421,SA,31,U001
104756,2000,400000,4544875.86483529,SA,31,U003
104757,2000,500000,30675137.41385146,SA,40,U001
104758,1000,400000,5515663.180968985,KR,50,U001
104759,1000,500000,5300133.718540378,KR,31,U002
104760,1000,500000,6058734.620118383,KR,40,U002
104761,1000,400001,3057670.226229716,KR,40,U002
104762,2000,400000,4919720.48011617,SA,31,U001
104763,1000,400000,5085370.84226334,SA,31,U003
104764,2000,400001,3791297.633267246,KR,31,U003
104765,3000,500000,4930722.917663732,SA,31,U001
104766,3000,400000,5949538.13458835,KR,50,U003
104767,1000,500000,6668891.766185677,SA,50,U001
104768,3000,400001,5785925.51948693,SA,50,U003
104769,3000,500000,4740422.89507192,KR,50,U001
104770,3000,400000,6009212.1443770025,SA,40,U002
104771,1000,500000,5729122.09287949,KR,31,U002
104772,1000,500000,4612487.545485728,KR,40,U003
104773,3000,400000,4534563.184559728,KR,40,U003
104774,2000,400000,4865198.367577161,SA,50,U003
104775,3000,500000,4159320.780386497,SA,40,U003
104776,1000,500000,4751366.471155687,KR,50,U002
104777,1000,400001,5389402.337250561,SA,31,U002
104778,1000,400000,5830805.812937008,KR,50,U001
104779,3000,500000,4696918.319456808,KR,31,U003
104780,2000,400000,6110736.694864323,SA,50,U002
104781,1000,400001,5520084.373468407,KR,40,U001
104782,1000,500000,5556522.415141097,SA,40,U001
104783,3000,500000,4264790.596807135,SA,50,U001
104784,2000,500000,6446208.1766188545,SA,31,U002
104785,3000,400000,5442691.561617272,KR,31,U001
104786,1000,400001,4733866.10968293,KR,50,U003
104787,2000,400000,4592706.209805297,SA,40,U001
104788,2000,500000,4751638.285840142,SA,31,U001
104789,1000,400001,4185329.964097813,KR,50,U002
104790,2000,500000,46325123.48383675,SA,31,U001
104791,2000,500000,4267262.327783674,SA,40,U002
104792,3000,400000,5231859.8710998865,KR,31,U002
104793,1000,500000,4640066.203038892,KR,50,U003
104794,1000,400001,5536637.175134677,KR,31,U001
104795,1000,500000,5645363.853009531,SA,31,U003
104796,1000,500000,4484875.950064702,KR,40,U003
104797,1000,400000,4972901.067393615,KR,40,U001
104798,2000,400001,3845286.830724476,KR,40,U001
104799,3000,400000,6360434.540251052,KR,40,U002
104800,1000,500000,5854402.485543873,KR,50,U001
104801,3000,400000,3883568.880241961,KR,31,U002
104802,3000,400000,4306476.635721056,KR,31,U003
104803,2000,400000,4892145.343841327,SA,31,U003
104804,1000,400000,5031008.576049185,KR,31,U002
104805,2000,500000,35609271.67663008,SA,50,U001
104806,1000,500000,32672460.81468625,SA,40,U001
104807,2000,400001,5316025.048692925,KR,31,U002
104808,3000,400000,51132700.61131961,SA,31,U003
104809,1000,400000,5043732.3347236905,KR,40,U002
104810,3000,400001,4766630.236655103,SA,40,U001
104811,3000,400000,4682528.469595307,KR,31,U001
104812,2000,400001,4122621.079484927,SA,40,U002
104813,1000,500000,4462412.198807459,KR,31,U001
104814,3000,400001,5908888.86429093,KR,31,U003
104815,2000,400000,3343319.9936537677,SA,31,U002
104816,1000,400001,5056082.6589178415,SA,31,U003
104817,1000,500000,5022363.733487485,KR,31,U003
104818,3000,400000,5094719.4667917155,SA,31,U002
104819,1000,500000,5581934.166738815,KR,40,U002
104820,3000,500000,5048929.010855179,SA,50,U001
104821,1000,400001,4636832.454143188,KR,50,U001
104822,2000,500000,4474701.7934489725,SA,31,U002
104823,3000,400000,6038675.010518585,KR,40,U002
104824,3000,500000,5832841.582044643,SA,31,U001
104825,1000,500000,7302110.015689032,KR,40,U001
104826,1000,400001,4775209.257053921,SA,31,U001
104827,3000,500000,4489429.594156294,KR,31,U002
104828,1000,400001,5362533.517040401,SA,50,U002
104829,2000,400001,5343213.193490444,SA,40,U001
104830,1000,400000,5509084.063106227,KR,40,U003
104831,2000,400000,5677704.701885091,SA,50,U003
104832,2000,400000,5501338.889682672,SA,50,U001
104833,2000,400000,5860025.284786563,KR,50,U002
104834,2000,400001,5966404.24846839,KR,50,U002
104835,2000,500000,5980675.773225168,KR,40,U003
104836,1000,400000,3190929.6398254433,KR,40,U001
104837,2000,400000,41487237.77645402,SA,50,U003
104838,1000,400000,4261431.849164363,SA,31,U003
104839,2000,500000,5844358.212561626,SA,31,U001
104840,3000,400000,3174158.643920568,KR,31,U003
104841,2000,500000,6175380.222186594,SA,31,U002
104842,3000,400001,4308240.228505878,SA,40,U003
104843,2000,400001,4124909.088014773,KR,40,U001
104844,2000,400001,5284999.45655806,SA,40,U002
104845,2000,500000,37611067.15308254,SA,31,U002
104846,3000,400000,6423511.446083394,KR,50,U003
104847,3000,400000,6090426.517702077,SA,31,U002
104848,2000,400000,4591332.238017539,KR,40,U001
104849,1000,400000,5833987.968164643,KR,31,U003
104850,2000,400000,4563770.479757798,SA,50,U002
104851,3000,500000,4556868.299667191,SA,50,U001
104852,2000,400001,5571347.806450343,SA,31,U003
104853,3000,400000,49317382.97900258,KR,40,U001
104854,3000,400001,4647141.98575028,KR,40,U002
104855,3000,500000,4708056.981198286,SA,40,U003
104856,2000,500000,5240963.775273377,SA,31,U003
104857,3000,400000,4284807.620424322,KR,40,U002
104858,3000,500000,6252328.311861002,SA,31,U001
104859,2000,400001,4277157.913150691,SA,40,U002
104860,3000,400000,4493444.987571204,KR,50,U003
104861,2000,400000,6413791.256831629,SA,50,U003
104862,3000,400001,5171670.743110802,SA,40,U002
104863,1000,400000,6554866.7430556845,SA,31,U001
104864,1000,400000,4824577.983452427,SA,40,U002
104865,3000,400001,7015615.055897885,KR,31,U001
104866,1000,400000,5492519.984396919,KR,50,U001
104867,2000,400000,4398051.237910467,KR,31,U003
104868,1000,400001,4385729.905060247,KR,40,U001
104869,3000,500000,3834233.6713591293,SA,50,U003
104870,3000,400001,3921748.043192475,SA,31,U001
104871,2000,400000,4472374.732440511,SA,31,U001
104872,3000,400001,4206721.248333505,SA,50,U003
104873,2000,400000,2937655.0461804066,KR,40,U001
104874,1000,400000,5673216.793504745,SA,50,U002
104875,1000,400001,5620270.176724843,SA,40,U001
104876,2000,400000,5246701.501580627,KR,40,U003
104877,2000,500000,4092026.866437794,KR,31,U003
104878,3000,400000,6317433.68700425,KR,40,U002
104879,1000,400001,4857465.527762742,SA,40,U001
104880,2000,500000,4333413.755612189,KR,50,U002
104881,1000,500000,5186068.90587466,SA,50,U001
104882,2000,400000,5140191.337238967,SA,40,U002
104883,1000,400001,2997799.6934096552,KR,31,U003
104884,3000,400000,4975243.700116888,KR,50,U003
104885,1000,400000,40771449.76300612,KR,31,U002
104886,1000,400001,4697007.06076468,SA,50,U001
104887,1000,400001,3942836.111215054,SA,50,U001
104888,1000,400000,3966404.313328906,SA,40,U003
104889,1000,500000,5411252.344655183,KR,50,U001
104890,3000,400000,44874246.29081724,SA,50,U002
104891,2000,500000,4641592.404082215,SA,31,U002
104892,1000,400000,5305854.185634204,SA,50,U001
104893,3000,400001,4633665.395924923,SA,50,U003
104894,1000,500000,4317408.797805493,KR,31,U003
104895,1000,400001,5171597.508870925,SA,40,U003
104896,2000,400001,4080723.998197185,KR,40,U003
104897,1000,400001,6515027.271865639,KR,50,U003
104898,3000,400001,3849989.029734902,SA,50,U002
104899,3000,400001,5227061.89138341,SA,31,U001
104900,2000,400000,5120191.466047719,KR,40,U002
104901,1000,500000,5049180.544577894,SA,40,U003
104902,3000,400000,6186714.716818743,KR,40,U003
104903,1000,400000,2851030.9859632747,SA,31,U001
104904,1000,400000,5329385.684391126,SA,31,U001
104905,1000,400001,4781298.0020978395,KR,31,U001
104906,2000,400000,43737445.09128879,SA,50,U002
104907,1000,500000,5043745.820654607,KR,40,U001
104908,3000,400000,4939983.696202826,KR,50,U002
104909,1000,400001,4034148.2674226277,SA,50,U003
104910,3000,500000,4461489.999671554,KR,31,U002
104911,1000,500000,7505207.905562196,SA,40,U001
104912,3000,500000,5474481.676754155,SA,50,U002
104913,3000,500000,5842074.539497636,SA,40,U002
104914,1000,400000,4718482.541101474,KR,50,U002
104915,1000,400001,4315512.505138753,SA,31,U001
104916,3000,500000,5621142.219558389,SA,50,U002
104917,2000,500000,3477025.3846817994,KR,31,U001
104918,1000,400001,4479409.200497558,KR,40,U002
104919,2000,400000,4716339.636210159,KR,50,U002
104920,1000,500000,5755991.282694923,KR,50,U002
104921,1000,400000,5330970.170897048,SA,31,U001
104922,1000,400000,4621680.217093913,SA,31,U001
104923,1000,400000,5295178.409681876,SA,40,U001
104924,2000,400000,4757478.5288186595,SA,31,U003
104925,1000,500000,46848241.657179676,KR,40,U001
104926,3000,500000,5188925.377661666,KR,50,U002
104927,3000,400000,6389154.243813034,SA,40,U003
104928,2000,400000,4777764.538135648,KR,40,U001
104929,1000,400001,5980316.186287738,KR,40,U001
104930,3000,400001,5072331.194956151,KR,50,U003
104931,2000,400001,4442205.079286134,KR,50,U003
104932,1000,500000,7081259.612387215,KR,31,U001
104933,3000,400001,6047767.059490672,SA,40,U003
104934,3000,500000,5187458.634543931,SA,50,U002
104935,2000,500000,5612797.0798483165,KR,40,U002
104936,1000,500000,4134385.041357606,KR,40,U002
104937,1000,500000,4162550.7898791293,SA,40,U001
104938,3000,400001,5891272.229462037,SA,50,U002
104939,3000,400000,5003837.903000097,KR,40,U003
104940,3000,400000,4875345.955839029,KR,40,U002
104941,1000,400000,4769649.844031475,KR,31,U003
104942,2000,400001,5121653.94837529,SA,40,U002
104943,2000,400000,4796600.470758966,KR,31,U003
104944,1000,400001,26994299.02802287,KR,40,U002
104945,2000,400001,6132700.213462641,KR,31,U002
104946,3000,400001,4911551.710528972,KR,50,U002
104947,2000,400000,6465222.903710423,KR,50,U003
104948,2000,400000,3590242.9790605893,KR,40,U003
104949,2000,400000,3587104.5419223933,KR,31,U002
104950,3000,500000,4779669.171586209,KR,50,U003
104951,1000,400001,5782021.854831705,SA,40,U003
104952,3000,500000,4024266.2227780456,SA,40,U001
104953,1000,400001,3993217.555739672,SA,31,U002
104954,1000,400000,5297561.870968324,KR,31,U003
104955,1000,400001,4749701.066705026,SA,40,U003
104956,2000,400001,5435263.928876196,SA,31,U003
104957,2000,500000,4764040.15740208,SA,31,U003
104958,1000,400001,5308109.826243986,SA,50,U001
104959,1000,400000,6092906.591157388,SA,31,U003
104960,2000,400001,4025962.5665952032,KR,40,U003
104961,3000,400001,5947829.6110529015,SA,31,U001
104962,1000,400001,3636682.025061343,KR,40,U002
104963,3000,500000,5487469.259069292,KR,40,U002
104964,2000,400001,6135415.335490433,SA,31,U001
104965,1000,400001,4580745.581077816,KR,31,U002
104966,3000,500000,5515644.091353356,SA,31,U002
104967,3000,500000,4610325.474440367,KR,50,U001
104968,3000,500000,5468304.90730158,KR,50,U003
104969,2000,500000,3193200.5149523616,SA,31,U001
104970,2000,400000,5129725.331269932,KR,40,U001
104971,3000,400000,5316312.771074771,KR,31,U001
104972,3000,400001,6075745.560858488,KR,50,U001
104973,2000,400000,5740204.433023851,KR,50,U001
104974,3000,400001,4871011.158081995,KR,31,U003
104975,3000,400000,5214451.838358914,KR,40,U002
104976,2000,500000,3843106.860074966,KR,40,U001
104977,3000,500000,6315259.950432135,KR,50,U003
104978,3000,400000,44423420.14926125,SA,50,U001
104979,3000,400000,28090235.077051133,KR,50,U003
104980,2000,400001,5196789.638502523,SA,40,U002
104981,3000,400001,5257872.355582371,SA,50,U003
104982,2000,400001,4380844.883309712,KR,50,U003
104983,2000,500000,5077492.428500942,KR,40,U002
104984,1000,500000,4300415.841348225,SA,50,U002
104985,1000,500000,3876321.941834734,SA,50,U003
104986,3000,500000,4509322.413900757,SA,31,U001
104987,2000,400001,5137272.207311427,KR,50,U001
104988,1000,500000,5742665.386700987,KR,31,U002
104989,3000,500000,5055854.760697215,KR,50,U001
104990,1000,500000,5750473.095151767,SA,50,U002
104991,1000,500000,5518962.462163242,KR,31,U003
104992,2000,400000,4171681.5633297134,KR,50,U003
104993,2000,400001,5512882.429633518,KR,31,U001
104994,1000,400001,5534994.722097116,KR,50,U002
104995,1000,500000,6393440.837949568,SA,31,U001
104996,2000,400000,5328523.489068521,KR,31,U001
104997,3000,400001,4012260.7617499735,KR,50,U003
104998,2000,400001,4556735.36292782,SA,50,U001
104999,1000,500000,3517954.292192431,KR,31,U003
